#! /c/Source/iverilog-install/bin/vvp
:ivl_version "12.0 (devel)" "(s20150603-1539-g2693dd32b)";
:ivl_delay_selection "TYPICAL";
:vpi_time_precision - 12;
:vpi_module "C:\iverilog\lib\ivl\system.vpi";
:vpi_module "C:\iverilog\lib\ivl\vhdl_sys.vpi";
:vpi_module "C:\iverilog\lib\ivl\vhdl_textio.vpi";
:vpi_module "C:\iverilog\lib\ivl\v2005_math.vpi";
:vpi_module "C:\iverilog\lib\ivl\va_math.vpi";
:vpi_module "C:\iverilog\lib\ivl\v2009.vpi";
S_00000248211b4680 .scope package, "$unit" "$unit" 2 1;
 .timescale 0 0;
S_00000248212fb840 .scope module, "tb_tang_nano_4k_top_compile" "tb_tang_nano_4k_top_compile" 3 6;
 .timescale -9 -12;
v0000024821369180_0 .var "arm_spi_cs_n", 0 0;
v000002482136a580_0 .net "arm_spi_miso", 0 0, L_00000248212c3a40;  1 drivers
v000002482136a6c0_0 .var "arm_spi_mosi", 0 0;
v0000024821369cc0_0 .var "arm_spi_sclk", 0 0;
L_00000248212c3810 .functor BUFT 1, C8<551>, C4<0>, C4<0>, C4<0>;
RS_0000024821301ba8 .resolv tri, L_00000248212c3810, L_00000248213c3890;
v000002482136a940_0 .net8 "bmp_scl", 0 0, RS_0000024821301ba8;  2 drivers, strength-aware
L_00000248212c3420 .functor BUFT 1, C8<551>, C4<0>, C4<0>, C4<0>;
RS_0000024821301bd8 .resolv tri, L_00000248212c3420, L_00000248213c3930;
v0000024821369540_0 .net8 "bmp_sda", 0 0, RS_0000024821301bd8;  2 drivers, strength-aware
v0000024821369d60_0 .net "led", 2 0, L_00000248212c2310;  1 drivers
v00000248213697c0_0 .net "mcp_cs_n", 0 0, v0000024821356b90_0;  1 drivers
v000002482136aa80_0 .var "mcp_miso", 0 0;
v000002482136ada0_0 .net "mcp_mosi", 0 0, v0000024821355510_0;  1 drivers
v000002482136ae40_0 .net "mcp_sclk", 0 0, v0000024821356190_0;  1 drivers
v0000024821369ea0_0 .var "rst_n", 0 0;
v000002482136a080_0 .var "sys_clk", 0 0;
v00000248213694a0_0 .var/i "tests_failed", 31 0;
v000002482136a8a0_0 .var/i "tests_passed", 31 0;
v0000024821369fe0_0 .var/i "tests_total", 31 0;
S_00000248212facd0 .scope module, "dut" "tang_nano_4k_top" 3 38, 4 8 0, S_00000248212fb840;
 .timescale -9 -12;
    .port_info 0 /INPUT 1 "sys_clk";
    .port_info 1 /INPUT 1 "rst_n";
    .port_info 2 /OUTPUT 1 "mcp_cs_n";
    .port_info 3 /OUTPUT 1 "mcp_sclk";
    .port_info 4 /OUTPUT 1 "mcp_mosi";
    .port_info 5 /INPUT 1 "mcp_miso";
    .port_info 6 /INOUT 1 "bmp_sda";
    .port_info 7 /INOUT 1 "bmp_scl";
    .port_info 8 /INPUT 1 "arm_spi_sclk";
    .port_info 9 /INPUT 1 "arm_spi_mosi";
    .port_info 10 /OUTPUT 1 "arm_spi_miso";
    .port_info 11 /INPUT 1 "arm_spi_cs_n";
    .port_info 12 /OUTPUT 3 "led";
P_00000248212a6a10 .param/l "CLK_HZ" 0 4 9, +C4<00000000000000000000000001100100>;
P_00000248212a6a48 .param/l "I2C_CONVERSION" 0 4 12, +C4<00000000000000000000000000010100>;
P_00000248212a6a80 .param/l "I2C_HZ" 0 4 13, +C4<00000000000000011000011010100000>;
P_00000248212a6ab8 .param/l "I2C_PERIOD" 0 4 11, +C4<00000000000000000000000000011110>;
P_00000248212a6af0 .param/l "SPI_SAMPLE_PERIOD" 0 4 10, +C4<00000000000000000000000000010100>;
L_00000248212c2310 .functor NOT 3, v0000024821368750_0, C4<000>, C4<000>, C4<000>;
v0000024821367ad0_0 .net "arm_spi_cs_n", 0 0, v0000024821369180_0;  1 drivers
v0000024821367b70_0 .net "arm_spi_miso", 0 0, L_00000248212c3a40;  alias, 1 drivers
v0000024821367c10_0 .net "arm_spi_mosi", 0 0, v000002482136a6c0_0;  1 drivers
v00000248213682f0_0 .net "arm_spi_sclk", 0 0, v0000024821369cc0_0;  1 drivers
v0000024821368250_0 .net "bmp_busy", 0 0, v0000024821351270_0;  1 drivers
v0000024821367df0_0 .net "bmp_error", 0 0, v0000024821353dc0_0;  1 drivers
v0000024821368390_0 .net "bmp_pressure_pa", 31 0, v0000024821353c80_0;  1 drivers
v0000024821368430_0 .net8 "bmp_scl", 0 0, RS_0000024821301ba8;  alias, 2 drivers, strength-aware
v0000024821368570_0 .net8 "bmp_sda", 0 0, RS_0000024821301bd8;  alias, 2 drivers, strength-aware
v00000248213686b0_0 .net/s "bmp_temp", 15 0, v0000024821354180_0;  1 drivers
v0000024821368bb0_0 .net "bmp_valid", 0 0, v0000024821351770_0;  1 drivers
v0000024821368d90_0 .net "dsp_valid", 0 0, v0000024821367210_0;  1 drivers
v0000024821368ed0_0 .net "led", 2 0, L_00000248212c2310;  alias, 1 drivers
v0000024821368750_0 .var "led_reg", 2 0;
v0000024821369400_0 .net "lm35_raw_adc", 9 0, v0000024821354400_0;  1 drivers
v0000024821369900_0 .net "lm35_raw_dsp", 15 0, v0000024821367350_0;  1 drivers
v000002482136a120_0 .net "lm35_temp_x10", 15 0, v0000024821368070_0;  1 drivers
v0000024821369c20_0 .net "mcp_busy", 0 0, v00000248213545e0_0;  1 drivers
v000002482136a300_0 .net "mcp_cs_n", 0 0, v0000024821356b90_0;  alias, 1 drivers
v000002482136a1c0_0 .net "mcp_miso", 0 0, v000002482136aa80_0;  1 drivers
v000002482136a260_0 .net "mcp_mosi", 0 0, v0000024821355510_0;  alias, 1 drivers
v00000248213699a0_0 .net "mcp_sclk", 0 0, v0000024821356190_0;  alias, 1 drivers
v000002482136a3a0_0 .net "mcp_valid", 0 0, v00000248213560f0_0;  1 drivers
v0000024821369220_0 .var "mcp_valid_d", 0 0;
v0000024821369b80_0 .net "pi_command_byte", 7 0, v0000024821356730_0;  1 drivers
v000002482136aee0_0 .net "pi_frame_valid", 0 0, v00000248213553d0_0;  1 drivers
v00000248213690e0_0 .net "pot_percent", 7 0, v0000024821367f30_0;  1 drivers
v0000024821369f40_0 .net "pot_raw_adc", 9 0, v00000248213544a0_0;  1 drivers
v000002482136a440_0 .net "pot_raw_dsp", 15 0, v0000024821368c50_0;  1 drivers
v0000024821369e00_0 .net "rst_n", 0 0, v0000024821369ea0_0;  1 drivers
v000002482136af80_0 .net "sys_clk", 0 0, v000002482136a080_0;  1 drivers
v00000248213692c0_0 .net "tp4_bram_addr", 7 0, L_0000024821369360;  1 drivers
v000002482136a4e0_0 .net "tp4_bram_value", 15 0, v0000024821368b10_0;  1 drivers
L_0000024821369360 .part v00000248213544a0_0, 2, 8;
S_00000248212fae60 .scope module, "u_bmp" "bmp180_controller" 4 113, 5 4 0, S_00000248212facd0;
 .timescale -9 -12;
    .port_info 0 /INPUT 1 "clk";
    .port_info 1 /INPUT 1 "rst_n";
    .port_info 2 /INOUT 1 "bmp_sda";
    .port_info 3 /INOUT 1 "bmp_scl";
    .port_info 4 /OUTPUT 32 "pressure_pa";
    .port_info 5 /OUTPUT 16 "temperature_x10";
    .port_info 6 /OUTPUT 1 "data_valid";
    .port_info 7 /OUTPUT 1 "busy";
    .port_info 8 /OUTPUT 1 "error";
P_0000024821300420 .param/l "CLK_HZ" 0 5 5, +C4<00000000000000000000000001100100>;
P_0000024821300458 .param/l "C_B3_SQ_START" 1 5 37, C4<000110>;
P_0000024821300490 .param/l "C_B3_SQ_WAIT" 1 5 37, C4<000111>;
P_00000248213004c8 .param/l "C_B3_X1_START" 1 5 38, C4<001000>;
P_0000024821300500 .param/l "C_B3_X1_WAIT" 1 5 38, C4<001001>;
P_0000024821300538 .param/l "C_B3_X2_START" 1 5 39, C4<001010>;
P_0000024821300570 .param/l "C_B3_X2_WAIT" 1 5 39, C4<001011>;
P_00000248213005a8 .param/l "C_B4_X1_START" 1 5 40, C4<001100>;
P_00000248213005e0 .param/l "C_B4_X1_WAIT" 1 5 40, C4<001101>;
P_0000024821300618 .param/l "C_B4_X2_START" 1 5 41, C4<001110>;
P_0000024821300650 .param/l "C_B4_X2_WAIT" 1 5 41, C4<001111>;
P_0000024821300688 .param/l "C_B4_X3_START" 1 5 42, C4<010000>;
P_00000248213006c0 .param/l "C_B4_X3_WAIT" 1 5 42, C4<010001>;
P_00000248213006f8 .param/l "C_B7_START" 1 5 43, C4<010010>;
P_0000024821300730 .param/l "C_DONE" 1 5 48, C4<011101>;
P_0000024821300768 .param/l "C_IDLE" 1 5 34, C4<000000>;
P_00000248213007a0 .param/l "C_P_APPLY" 1 5 44, C4<010101>;
P_00000248213007d8 .param/l "C_P_DIV_START" 1 5 43, C4<010011>;
P_0000024821300810 .param/l "C_P_DIV_WAIT" 1 5 44, C4<010100>;
P_0000024821300848 .param/l "C_P_FINISH" 1 5 48, C4<011100>;
P_0000024821300880 .param/l "C_P_SQ_START" 1 5 45, C4<010110>;
P_00000248213008b8 .param/l "C_P_SQ_WAIT" 1 5 45, C4<010111>;
P_00000248213008f0 .param/l "C_P_X1_START" 1 5 46, C4<011000>;
P_0000024821300928 .param/l "C_P_X1_WAIT" 1 5 46, C4<011001>;
P_0000024821300960 .param/l "C_P_X2_START" 1 5 47, C4<011010>;
P_0000024821300998 .param/l "C_P_X2_WAIT" 1 5 47, C4<011011>;
P_00000248213009d0 .param/l "C_TEMP_X1_START" 1 5 34, C4<000001>;
P_0000024821300a08 .param/l "C_TEMP_X1_WAIT" 1 5 35, C4<000010>;
P_0000024821300a40 .param/l "C_TEMP_X2_APPLY" 1 5 36, C4<000101>;
P_0000024821300a78 .param/l "C_TEMP_X2_DIV_START" 1 5 35, C4<000011>;
P_0000024821300ab0 .param/l "C_TEMP_X2_DIV_WAIT" 1 5 36, C4<000100>;
P_0000024821300ae8 .param/l "I2C_DIV_W" 1 5 21, +C4<00000000000000000000000000000001>;
P_0000024821300b20 .param/l "I2C_HZ" 0 5 6, +C4<00000000000000011000011010100000>;
P_0000024821300b58 .param/l "I2C_QUARTER" 1 5 20, +C4<00000000000000000000000000000001>;
P_0000024821300b90 .param/l "OP_CAL_READ" 1 5 30, C4<000>;
P_0000024821300bc8 .param/l "OP_PRESS_READ" 1 5 32, C4<100>;
P_0000024821300c00 .param/l "OP_PRESS_WRITE" 1 5 31, C4<011>;
P_0000024821300c38 .param/l "OP_TEMP_READ" 1 5 31, C4<010>;
P_0000024821300c70 .param/l "OP_TEMP_WRITE" 1 5 30, C4<001>;
P_0000024821300ca8 .param/l "PRESS_TICKS" 1 5 23, +C4<00000000000000000000000000000001>;
P_0000024821300ce0 .param/l "PRESS_WAIT_MS" 0 5 8, +C4<00000000000000000000000000001000>;
P_0000024821300d18 .param/l "ST_ACK" 1 5 27, C4<00011>;
P_0000024821300d50 .param/l "ST_CALC" 1 5 28, C4<01000>;
P_0000024821300d88 .param/l "ST_IDLE" 1 5 26, C4<00000>;
P_0000024821300dc0 .param/l "ST_MASTER_ACK" 1 5 27, C4<00101>;
P_0000024821300df8 .param/l "ST_RECV" 1 5 27, C4<00100>;
P_0000024821300e30 .param/l "ST_SEND" 1 5 26, C4<00010>;
P_0000024821300e68 .param/l "ST_START" 1 5 26, C4<00001>;
P_0000024821300ea0 .param/l "ST_STOP" 1 5 28, C4<00110>;
P_0000024821300ed8 .param/l "ST_WAIT" 1 5 28, C4<00111>;
P_0000024821300f10 .param/l "TEMP_TICKS" 1 5 22, +C4<00000000000000000000000000000001>;
P_0000024821300f48 .param/l "TEMP_WAIT_MS" 0 5 7, +C4<00000000000000000000000000000101>;
P_0000024821300f80 .param/l "WAIT_W" 1 5 24, +C4<00000000000000000000000000000001>;
v00000248212adee0_0 .net *"_ivl_0", 31 0, L_00000248213c4470;  1 drivers
o0000024821301338 .functor BUFZ 1, C4<z>; HiZ drive
; Elide local net with no drivers, v00000248212ad9e0_0 name=_ivl_10
L_000002482136b450 .functor BUFT 1, C4<0>, C4<0>, C4<0>, C4<0>;
v00000248212ad6c0_0 .net/2u *"_ivl_14", 0 0, L_000002482136b450;  1 drivers
o0000024821301398 .functor BUFZ 1, C4<z>; HiZ drive
; Elide local net with no drivers, v00000248212ac4a0_0 name=_ivl_16
v00000248212ac540_0 .net *"_ivl_21", 39 0, L_00000248213c3750;  1 drivers
v00000248212acea0_0 .net *"_ivl_23", 0 0, L_00000248213c4e70;  1 drivers
L_000002482136b498 .functor BUFT 1, C4<0>, C4<0>, C4<0>, C4<0>;
v00000248212ac360_0 .net/2u *"_ivl_26", 0 0, L_000002482136b498;  1 drivers
v00000248212ad1c0_0 .net *"_ivl_28", 40 0, L_00000248213c4f10;  1 drivers
L_000002482136b378 .functor BUFT 1, C4<0000000000000000000000000000000>, C4<0>, C4<0>, C4<0>;
v00000248212ad8a0_0 .net *"_ivl_3", 30 0, L_000002482136b378;  1 drivers
L_000002482136b4e0 .functor BUFT 1, C4<0>, C4<0>, C4<0>, C4<0>;
v00000248212ada80_0 .net/2u *"_ivl_32", 0 0, L_000002482136b4e0;  1 drivers
v00000248212adc60_0 .net *"_ivl_34", 40 0, L_00000248213c3250;  1 drivers
v0000024821298be0_0 .net *"_ivl_36", 40 0, L_00000248213c3bb0;  1 drivers
L_000002482136b3c0 .functor BUFT 1, C4<00000000000000000000000000000000>, C4<0>, C4<0>, C4<0>;
v0000024821298c80_0 .net/2u *"_ivl_4", 31 0, L_000002482136b3c0;  1 drivers
v0000024821298dc0_0 .net *"_ivl_41", 38 0, L_00000248213c45b0;  1 drivers
v0000024821298e60_0 .net *"_ivl_45", 0 0, L_00000248213c3390;  1 drivers
L_000002482136b528 .functor BUFT 1, C4<000000000000000000000000000000000000000000000000>, C4<0>, C4<0>, C4<0>;
v00000248213523f0_0 .net/2u *"_ivl_46", 47 0, L_000002482136b528;  1 drivers
v0000024821352b70_0 .net *"_ivl_48", 47 0, L_00000248213c3b10;  1 drivers
L_000002482136b570 .functor BUFT 1, C4<000000000000000000000000000000000000000000000000>, C4<0>, C4<0>, C4<0>;
v0000024821352c10_0 .net *"_ivl_52", 47 0, L_000002482136b570;  1 drivers
v0000024821352490_0 .net *"_ivl_55", 47 0, L_00000248213c3cf0;  1 drivers
v0000024821351590_0 .net *"_ivl_67", 31 0, L_00000248213c34d0;  1 drivers
v0000024821352d50_0 .net *"_ivl_68", 31 0, L_00000248213c3d90;  1 drivers
v0000024821351a90_0 .net *"_ivl_70", 29 0, L_00000248213c4510;  1 drivers
L_000002482136b5b8 .functor BUFT 1, C4<00>, C4<0>, C4<0>, C4<0>;
v0000024821352e90_0 .net *"_ivl_72", 1 0, L_000002482136b5b8;  1 drivers
v0000024821352210_0 .net/s *"_ivl_74", 31 0, L_00000248213c4650;  1 drivers
v0000024821351bd0_0 .net/s *"_ivl_76", 31 0, L_00000248213c3570;  1 drivers
L_000002482136b600 .functor BUFT 1, C4<00000000000000000000000000000010>, C4<0>, C4<0>, C4<0>;
v00000248213514f0_0 .net/2s *"_ivl_78", 31 0, L_000002482136b600;  1 drivers
L_000002482136b408 .functor BUFT 1, C4<0>, C4<0>, C4<0>, C4<0>;
v0000024821352530_0 .net/2u *"_ivl_8", 0 0, L_000002482136b408;  1 drivers
v00000248213525d0_0 .net *"_ivl_84", 29 0, L_00000248213c40b0;  1 drivers
v00000248213513b0_0 .var/s "ac1", 15 0;
v0000024821352170_0 .var/s "ac2", 15 0;
v0000024821351090_0 .var/s "ac3", 15 0;
v0000024821351630_0 .var "ac4", 15 0;
v00000248213528f0_0 .var "ac5", 15 0;
v0000024821351d10_0 .var "ac6", 15 0;
v0000024821352df0_0 .var "ack_ok", 0 0;
v00000248213516d0_0 .var/s "b1", 15 0;
v0000024821351130_0 .var/s "b2", 15 0;
v0000024821352670_0 .var/s "b3", 31 0;
v0000024821352710_0 .net/s "b3_sum32", 31 0, L_00000248213c46f0;  1 drivers
v00000248213527b0_0 .net/s "b3_value32", 31 0, L_00000248213c4bf0;  1 drivers
v00000248213519f0_0 .var/s "b4", 31 0;
v0000024821351f90_0 .var/s "b5", 31 0;
v0000024821351c70_0 .var/s "b6", 31 0;
v00000248213511d0_0 .var/s "b6_square", 31 0;
v0000024821351450_0 .var/s "b7", 39 0;
v0000024821352850_0 .var "bit_count", 3 0;
v00000248213522b0_0 .net8 "bmp_scl", 0 0, RS_0000024821301ba8;  alias, 2 drivers, strength-aware
v0000024821351ef0_0 .net8 "bmp_sda", 0 0, RS_0000024821301bd8;  alias, 2 drivers, strength-aware
v0000024821351270_0 .var "busy", 0 0;
v0000024821352990_0 .var "cal_byte_index", 4 0;
v0000024821352030 .array "cal_bytes", 21 0, 7 0;
v0000024821352a30_0 .var "calc_state", 5 0;
v0000024821351db0_0 .net "clk", 0 0, v000002482136a080_0;  alias, 1 drivers
v0000024821351770_0 .var "data_valid", 0 0;
v0000024821351e50_0 .var "div_busy", 0 0;
v0000024821352ad0_0 .var "div_count", 5 0;
v00000248213520d0_0 .var "div_dividend", 39 0;
v0000024821352cb0_0 .var "div_divisor", 39 0;
v0000024821352f30_0 .var "div_floor", 0 0;
v0000024821352350_0 .var "div_neg", 0 0;
v0000024821351310_0 .var "div_post_shift", 0 0;
v0000024821351810_0 .net "div_q_step", 39 0, L_00000248213c4d30;  1 drivers
v00000248213518b0_0 .var "div_quotient", 39 0;
v0000024821351b30_0 .net "div_rem_shift", 40 0, L_00000248213c4010;  1 drivers
v0000024821351950_0 .net "div_rem_step", 40 0, L_00000248213c32f0;  1 drivers
v00000248213547c0_0 .var "div_remainder", 40 0;
v0000024821354ae0_0 .var "div_result", 39 0;
v0000024821353e60_0 .net "div_take", 0 0, L_00000248213c41f0;  1 drivers
v0000024821353dc0_0 .var "error", 0 0;
v0000024821354540_0 .var/i "i", 31 0;
v0000024821354860_0 .var "i2c_div_count", 0 0;
v0000024821353f00_0 .net "i2c_tick", 0 0, L_00000248213c31b0;  1 drivers
v0000024821354720_0 .var/s "mb", 15 0;
v0000024821354b80_0 .var/s "mc", 15 0;
v00000248213535a0_0 .var/s "md", 15 0;
v0000024821354220_0 .var "mul_accum", 47 0;
v0000024821354c20_0 .net "mul_accum_step", 47 0, L_00000248213c3c50;  1 drivers
v0000024821354680_0 .var "mul_busy", 0 0;
v00000248213536e0_0 .var "mul_count", 4 0;
v0000024821353fa0_0 .var "mul_mcand", 47 0;
v0000024821353640_0 .var "mul_mplier", 23 0;
v0000024821353780_0 .var "mul_neg", 0 0;
v0000024821354900_0 .var "mul_product", 47 0;
v00000248213549a0_0 .net/s "mul_shift11", 31 0, L_00000248213c4290;  1 drivers
v0000024821353820_0 .net/s "mul_shift13", 31 0, L_00000248213c4dd0;  1 drivers
v00000248213533c0_0 .net/s "mul_shift15", 31 0, L_00000248213c4b50;  1 drivers
v00000248213538c0_0 .net/s "mul_shift16", 31 0, L_00000248213c3430;  1 drivers
v0000024821354040_0 .net/s "mul_signed_step", 47 0, L_00000248213c3ed0;  1 drivers
v0000024821354cc0_0 .var "op", 2 0;
v0000024821353a00_0 .var/s "p_calc", 31 0;
v0000024821353b40_0 .var "phase", 1 0;
v0000024821353c80_0 .var "pressure_pa", 31 0;
v0000024821353280_0 .var "read_index", 1 0;
v0000024821354d60_0 .var "read_remaining", 5 0;
v0000024821353d20_0 .net "rst_n", 0 0, v0000024821369ea0_0;  alias, 1 drivers
v0000024821353140_0 .var "rx_byte", 7 0;
v0000024821353460_0 .var "rx_lsb", 7 0;
v0000024821353aa0_0 .var "rx_msb", 7 0;
v00000248213531e0_0 .var "scl_low", 0 0;
v0000024821354e00_0 .var "sda_low", 0 0;
v0000024821353be0_0 .var "seq", 2 0;
v00000248213540e0_0 .var "state", 4 0;
v0000024821354ea0_0 .var/s "temp_calc", 31 0;
v0000024821354180_0 .var/s "temperature_x10", 15 0;
v00000248213542c0_0 .var "tx_byte", 7 0;
v0000024821353500_0 .var "up_raw", 15 0;
v0000024821354f40_0 .var "ut_raw", 15 0;
v0000024821353960_0 .var "wait_count", 0 0;
v00000248213530a0_0 .var/s "x1", 31 0;
v0000024821354360_0 .var/s "x2", 31 0;
E_00000248212e2b70/0 .event negedge, v0000024821353d20_0;
E_00000248212e2b70/1 .event posedge, v0000024821351db0_0;
E_00000248212e2b70 .event/or E_00000248212e2b70/0, E_00000248212e2b70/1;
L_00000248213c4470 .concat [ 1 31 0 0], v0000024821354860_0, L_000002482136b378;
L_00000248213c31b0 .cmp/eq 32, L_00000248213c4470, L_000002482136b3c0;
L_00000248213c3930 .functor MUXZ 1, o0000024821301338, L_000002482136b408, v0000024821354e00_0, C4<>;
L_00000248213c3890 .functor MUXZ 1, o0000024821301398, L_000002482136b450, v00000248213531e0_0, C4<>;
L_00000248213c3750 .part v00000248213547c0_0, 0, 40;
L_00000248213c4e70 .part v00000248213520d0_0, 39, 1;
L_00000248213c4010 .concat [ 1 40 0 0], L_00000248213c4e70, L_00000248213c3750;
L_00000248213c4f10 .concat [ 40 1 0 0], v0000024821352cb0_0, L_000002482136b498;
L_00000248213c41f0 .cmp/ge 41, L_00000248213c4010, L_00000248213c4f10;
L_00000248213c3250 .concat [ 40 1 0 0], v0000024821352cb0_0, L_000002482136b4e0;
L_00000248213c3bb0 .arith/sub 41, L_00000248213c4010, L_00000248213c3250;
L_00000248213c32f0 .functor MUXZ 41, L_00000248213c4010, L_00000248213c3bb0, L_00000248213c41f0, C4<>;
L_00000248213c45b0 .part v00000248213518b0_0, 0, 39;
L_00000248213c4d30 .concat [ 1 39 0 0], L_00000248213c41f0, L_00000248213c45b0;
L_00000248213c3390 .part v0000024821353640_0, 0, 1;
L_00000248213c3b10 .functor MUXZ 48, L_000002482136b528, v0000024821353fa0_0, L_00000248213c3390, C4<>;
L_00000248213c3c50 .arith/sum 48, v0000024821354220_0, L_00000248213c3b10;
L_00000248213c3cf0 .arith/sub 48, L_000002482136b570, L_00000248213c3c50;
L_00000248213c3ed0 .functor MUXZ 48, L_00000248213c3c50, L_00000248213c3cf0, v0000024821353780_0, C4<>;
L_00000248213c4290 .part L_00000248213c3ed0, 11, 32;
L_00000248213c4dd0 .part L_00000248213c3ed0, 13, 32;
L_00000248213c4b50 .part L_00000248213c3ed0, 15, 32;
L_00000248213c3430 .part L_00000248213c3ed0, 16, 32;
L_00000248213c34d0 .ufunc/vec4 TD_tb_tang_nano_4k_top_compile.dut.u_bmp.sx16, 32, v00000248213513b0_0 (v00000248212ac400_0) S_000002482126e400;
L_00000248213c4510 .part L_00000248213c34d0, 0, 30;
L_00000248213c3d90 .concat [ 2 30 0 0], L_000002482136b5b8, L_00000248213c4510;
L_00000248213c4650 .arith/sum 32, L_00000248213c3d90, v00000248213530a0_0;
L_00000248213c3570 .arith/sum 32, L_00000248213c4650, L_00000248213c4290;
L_00000248213c46f0 .arith/sum 32, L_00000248213c3570, L_000002482136b600;
L_00000248213c40b0 .part L_00000248213c46f0, 2, 30;
L_00000248213c4bf0 .extend/s 32, L_00000248213c40b0;
S_000002482126e900 .scope function.vec4.s24, "abs24" "abs24" 5 97, 5 97 0, S_00000248212fae60;
 .timescale -9 -12;
; Variable abs24 is vec4 return value of scope S_000002482126e900
v00000248212ad080_0 .var/s "v", 31 0;
TD_tb_tang_nano_4k_top_compile.dut.u_bmp.abs24 ;
    %load/vec4 v00000248212ad080_0;
    %cmpi/s 0, 0, 32;
    %jmp/0xz  T_0.0, 5;
    %load/vec4 v00000248212ad080_0;
    %parti/s 24, 0, 2;
    %inv;
    %addi 1, 0, 24;
    %ret/vec4 0, 0, 24;  Assign to abs24 (store_vec4_to_lval)
    %jmp T_0.1;
T_0.0 ;
    %load/vec4 v00000248212ad080_0;
    %parti/s 24, 0, 2;
    %ret/vec4 0, 0, 24;  Assign to abs24 (store_vec4_to_lval)
T_0.1 ;
    %end;
S_000002482126ea90 .scope function.vec4.s40, "abs40" "abs40" 5 104, 5 104 0, S_00000248212fae60;
 .timescale -9 -12;
; Variable abs40 is vec4 return value of scope S_000002482126ea90
v00000248212ad940_0 .var/s "v", 39 0;
TD_tb_tang_nano_4k_top_compile.dut.u_bmp.abs40 ;
    %load/vec4 v00000248212ad940_0;
    %cmpi/s 0, 0, 40;
    %jmp/0xz  T_1.2, 5;
    %load/vec4 v00000248212ad940_0;
    %inv;
    %addi 1, 0, 40;
    %ret/vec4 0, 0, 40;  Assign to abs40 (store_vec4_to_lval)
    %jmp T_1.3;
T_1.2 ;
    %load/vec4 v00000248212ad940_0;
    %ret/vec4 0, 0, 40;  Assign to abs40 (store_vec4_to_lval)
T_1.3 ;
    %end;
S_000002482126be70 .scope function.vec4.u40, "scale50000" "scale50000" 5 111, 5 111 0, S_00000248212fae60;
 .timescale -9 -12;
; Variable scale50000 is vec4 return value of scope S_000002482126be70
v00000248212adbc0_0 .var/s "v", 39 0;
TD_tb_tang_nano_4k_top_compile.dut.u_bmp.scale50000 ;
    %load/vec4 v00000248212adbc0_0;
    %ix/load 4, 15, 0;
    %flag_set/imm 4, 0;
    %shiftl 4;
    %load/vec4 v00000248212adbc0_0;
    %ix/load 4, 14, 0;
    %flag_set/imm 4, 0;
    %shiftl 4;
    %add;
    %load/vec4 v00000248212adbc0_0;
    %ix/load 4, 9, 0;
    %flag_set/imm 4, 0;
    %shiftl 4;
    %add;
    %load/vec4 v00000248212adbc0_0;
    %ix/load 4, 8, 0;
    %flag_set/imm 4, 0;
    %shiftl 4;
    %add;
    %load/vec4 v00000248212adbc0_0;
    %ix/load 4, 6, 0;
    %flag_set/imm 4, 0;
    %shiftl 4;
    %add;
    %load/vec4 v00000248212adbc0_0;
    %ix/load 4, 4, 0;
    %flag_set/imm 4, 0;
    %shiftl 4;
    %add;
    %ret/vec4 0, 0, 40;  Assign to scale50000 (store_vec4_to_lval)
    %end;
S_000002482126c000 .scope function.vec4.u40, "signed_div_result" "signed_div_result" 5 118, 5 118 0, S_00000248212fae60;
 .timescale -9 -12;
v00000248212acb80_0 .var "floor_mode", 0 0;
v00000248212acc20_0 .var "neg", 0 0;
v00000248212ad760_0 .var "post_shift", 0 0;
v00000248212ae160_0 .var "q", 39 0;
v00000248212ad120_0 .var "rem_nonzero", 0 0;
; Variable signed_div_result is vec4 return value of scope S_000002482126c000
v00000248212accc0_0 .var/s "t", 39 0;
TD_tb_tang_nano_4k_top_compile.dut.u_bmp.signed_div_result ;
    %load/vec4 v00000248212ae160_0;
    %store/vec4 v00000248212accc0_0, 0, 40;
    %load/vec4 v00000248212acc20_0;
    %flag_set/vec4 8;
    %jmp/0xz  T_3.4, 8;
    %load/vec4 v00000248212accc0_0;
    %inv;
    %pushi/vec4 1, 0, 40;
    %add;
    %store/vec4 v00000248212accc0_0, 0, 40;
T_3.4 ;
    %load/vec4 v00000248212acb80_0;
    %flag_set/vec4 10;
    %flag_get/vec4 10;
    %jmp/0 T_3.9, 10;
    %load/vec4 v00000248212acc20_0;
    %and;
T_3.9;
    %flag_set/vec4 9;
    %flag_get/vec4 9;
    %jmp/0 T_3.8, 9;
    %load/vec4 v00000248212ad120_0;
    %and;
T_3.8;
    %flag_set/vec4 8;
    %jmp/0xz  T_3.6, 8;
    %load/vec4 v00000248212accc0_0;
    %subi 1, 0, 40;
    %store/vec4 v00000248212accc0_0, 0, 40;
T_3.6 ;
    %load/vec4 v00000248212ad760_0;
    %flag_set/vec4 8;
    %jmp/0xz  T_3.10, 8;
    %load/vec4 v00000248212accc0_0;
    %ix/load 4, 1, 0;
    %flag_set/imm 4, 0;
    %shiftl 4;
    %store/vec4 v00000248212accc0_0, 0, 40;
T_3.10 ;
    %load/vec4 v00000248212accc0_0;
    %ret/vec4 0, 0, 40;  Assign to signed_div_result (store_vec4_to_lval)
    %end;
S_000002482126e400 .scope function.vec4.u32, "sx16" "sx16" 5 89, 5 89 0, S_00000248212fae60;
 .timescale -9 -12;
; Variable sx16 is vec4 return value of scope S_000002482126e400
v00000248212ac400_0 .var/s "v", 15 0;
TD_tb_tang_nano_4k_top_compile.dut.u_bmp.sx16 ;
    %load/vec4 v00000248212ac400_0;
    %pad/s 32;
    %ret/vec4 0, 0, 32;  Assign to sx16 (store_vec4_to_lval)
    %end;
S_000002482126e590 .scope function.vec4.u32, "ux16" "ux16" 5 93, 5 93 0, S_00000248212fae60;
 .timescale -9 -12;
; Variable ux16 is vec4 return value of scope S_000002482126e590
v00000248212adda0_0 .var "v", 15 0;
TD_tb_tang_nano_4k_top_compile.dut.u_bmp.ux16 ;
    %pushi/vec4 0, 0, 16;
    %load/vec4 v00000248212adda0_0;
    %concat/vec4; draw_concat_vec4
    %ret/vec4 0, 0, 32;  Assign to ux16 (store_vec4_to_lval)
    %end;
S_00000248212780b0 .scope module, "u_mcp" "mcp3008_controller" 4 63, 6 34 0, S_00000248212facd0;
 .timescale -9 -12;
    .port_info 0 /INPUT 1 "clk";
    .port_info 1 /INPUT 1 "rst_n";
    .port_info 2 /OUTPUT 1 "spi_cs_n";
    .port_info 3 /OUTPUT 1 "spi_sclk";
    .port_info 4 /OUTPUT 1 "spi_mosi";
    .port_info 5 /INPUT 1 "spi_miso";
    .port_info 6 /OUTPUT 10 "ch0_data";
    .port_info 7 /OUTPUT 10 "ch7_data";
    .port_info 8 /OUTPUT 1 "data_valid";
    .port_info 9 /OUTPUT 1 "busy";
P_0000024821278240 .param/l "ADC_DATA_FIRST_RISE" 1 6 60, C4<00111>;
P_0000024821278278 .param/l "ADC_FINISH_EDGE" 1 6 62, C4<10001>;
P_00000248212782b0 .param/l "ADC_LAST_RISE" 1 6 61, C4<10000>;
P_00000248212782e8 .param/l "CLK_HZ" 0 6 35, +C4<00000000000000000000000001100100>;
P_0000024821278320 .param/l "DIV_HALF" 1 6 51, +C4<00000000000000000000000000000001>;
P_0000024821278358 .param/l "DIV_W" 1 6 52, +C4<00000000000000000000000000000001>;
P_0000024821278390 .param/l "FINISH" 1 6 67, C4<011>;
P_00000248212783c8 .param/l "IDLE" 1 6 64, C4<000>;
P_0000024821278400 .param/l "SAMPLE_PERIOD" 0 6 37, +C4<00000000000000000000000000010100>;
P_0000024821278438 .param/l "SPI_HZ" 0 6 36, +C4<00000000000001111010000100100000>;
P_0000024821278470 .param/l "START" 1 6 65, C4<001>;
P_00000248212784a8 .param/l "TIMER_W" 1 6 53, +C4<00000000000000000000000000000101>;
P_00000248212784e0 .param/l "TRANSFER" 1 6 66, C4<010>;
v00000248213545e0_0 .var "busy", 0 0;
v0000024821354400_0 .var "ch0_data", 9 0;
v00000248213544a0_0 .var "ch7_data", 9 0;
v0000024821354a40_0 .var "channel", 0 0;
v0000024821353320_0 .net "clk", 0 0, v000002482136a080_0;  alias, 1 drivers
v00000248213560f0_0 .var "data_valid", 0 0;
v0000024821355330_0 .var "div_cnt", 0 0;
v0000024821356910_0 .var "edge_count", 4 0;
v00000248213550b0_0 .net "rst_n", 0 0, v0000024821369ea0_0;  alias, 1 drivers
v0000024821356370_0 .var "rx_shift", 9 0;
v0000024821356d70_0 .var "sample_timer", 4 0;
v0000024821356b90_0 .var "spi_cs_n", 0 0;
v00000248213569b0_0 .net "spi_miso", 0 0, v000002482136aa80_0;  alias, 1 drivers
v0000024821355510_0 .var "spi_mosi", 0 0;
v0000024821356190_0 .var "spi_sclk", 0 0;
v0000024821356230_0 .var "state", 2 0;
v00000248213562d0_0 .var "tx_shift", 15 0;
S_000002482124ebf0 .scope module, "u_pi_spi" "spi_slave_pi4" 4 128, 7 19 0, S_00000248212facd0;
 .timescale -9 -12;
    .port_info 0 /INPUT 1 "sys_clk";
    .port_info 1 /INPUT 1 "rst_n";
    .port_info 2 /INPUT 1 "arm_spi_sclk";
    .port_info 3 /INPUT 1 "arm_spi_mosi";
    .port_info 4 /OUTPUT 1 "arm_spi_miso";
    .port_info 5 /INPUT 1 "arm_spi_cs_n";
    .port_info 6 /INPUT 16 "bmp_temp";
    .port_info 7 /INPUT 32 "bmp_pressure_pa";
    .port_info 8 /INPUT 16 "lm35_temp_x10";
    .port_info 9 /INPUT 8 "pot_percent";
    .port_info 10 /INPUT 16 "lm35_raw";
    .port_info 11 /INPUT 16 "pot_raw";
    .port_info 12 /OUTPUT 1 "frame_valid";
    .port_info 13 /OUTPUT 8 "command_byte";
L_00000248212c2c40 .functor AND 1, v00000248213565f0_0, L_00000248213c3610, C4<1>, C4<1>;
L_00000248212c3500 .functor AND 1, L_00000248213c36b0, v0000024821356690_0, C4<1>, C4<1>;
L_00000248212c2690 .functor AND 1, L_00000248213c4c90, v0000024821356050_0, C4<1>, C4<1>;
L_00000248212c33b0 .functor AND 1, v0000024821355c90_0, L_00000248213c4330, C4<1>, C4<1>;
L_00000248212c3a40 .functor BUFZ 1, v0000024821355650_0, C4<0>, C4<0>, C4<0>;
v0000024821356c30_0 .net *"_ivl_1", 0 0, L_00000248213c3610;  1 drivers
v0000024821356a50_0 .net *"_ivl_13", 0 0, L_00000248213c4330;  1 drivers
v0000024821356410_0 .net *"_ivl_5", 0 0, L_00000248213c36b0;  1 drivers
v0000024821356cd0_0 .net *"_ivl_9", 0 0, L_00000248213c4c90;  1 drivers
v00000248213551f0_0 .net "arm_spi_cs_n", 0 0, v0000024821369180_0;  alias, 1 drivers
v0000024821356af0_0 .net "arm_spi_miso", 0 0, L_00000248212c3a40;  alias, 1 drivers
v0000024821356e10_0 .net "arm_spi_mosi", 0 0, v000002482136a6c0_0;  alias, 1 drivers
v0000024821355f10_0 .net "arm_spi_sclk", 0 0, v0000024821369cc0_0;  alias, 1 drivers
v0000024821356870_0 .var "bit_count", 7 0;
v00000248213555b0_0 .net "bmp_pressure_pa", 31 0, v0000024821353c80_0;  alias, 1 drivers
v0000024821355150_0 .net "bmp_temp", 15 0, v0000024821354180_0;  alias, 1 drivers
v0000024821356730_0 .var "command_byte", 7 0;
v00000248213564b0_0 .net "cs_fall", 0 0, L_00000248212c2c40;  1 drivers
v0000024821356550_0 .var "cs_meta", 0 0;
v00000248213565f0_0 .var "cs_prev", 0 0;
v0000024821355ab0_0 .net "cs_rise", 0 0, L_00000248212c3500;  1 drivers
v0000024821356690_0 .var "cs_sync", 0 0;
v00000248213553d0_0 .var "frame_valid", 0 0;
v0000024821355d30_0 .net "lm35_raw", 15 0, v0000024821367350_0;  alias, 1 drivers
v0000024821355290_0 .net "lm35_temp_x10", 15 0, v0000024821368070_0;  alias, 1 drivers
v0000024821355650_0 .var "miso_reg", 0 0;
v00000248213567d0_0 .var "mosi_meta", 0 0;
v0000024821356eb0_0 .var "mosi_sync", 0 0;
v0000024821356f50_0 .net "pot_percent", 7 0, v0000024821367f30_0;  alias, 1 drivers
v0000024821355470_0 .net "pot_raw", 15 0, v0000024821368c50_0;  alias, 1 drivers
v00000248213556f0_0 .net "rst_n", 0 0, v0000024821369ea0_0;  alias, 1 drivers
v0000024821355790_0 .var "rx_shift", 111 0;
v0000024821355830_0 .net "sclk_fall", 0 0, L_00000248212c33b0;  1 drivers
v00000248213558d0_0 .var "sclk_meta", 0 0;
v0000024821355c90_0 .var "sclk_prev", 0 0;
v0000024821355970_0 .net "sclk_rise", 0 0, L_00000248212c2690;  1 drivers
v0000024821356050_0 .var "sclk_sync", 0 0;
v0000024821355a10_0 .net "sys_clk", 0 0, v000002482136a080_0;  alias, 1 drivers
v0000024821355b50_0 .var "tx_shift", 111 0;
L_00000248213c3610 .reduce/nor v0000024821356690_0;
L_00000248213c36b0 .reduce/nor v00000248213565f0_0;
L_00000248213c4c90 .reduce/nor v0000024821355c90_0;
L_00000248213c4330 .reduce/nor v0000024821356050_0;
S_00000248211c54e0 .scope module, "u_sensor_dsp" "sensor_dsp" 4 88, 8 23 0, S_00000248212facd0;
 .timescale -9 -12;
    .port_info 0 /INPUT 1 "clk";
    .port_info 1 /INPUT 1 "rst_n";
    .port_info 2 /INPUT 1 "sample_valid";
    .port_info 3 /INPUT 10 "lm35_adc";
    .port_info 4 /INPUT 10 "pot_adc";
    .port_info 5 /OUTPUT 16 "lm35_temp_x10";
    .port_info 6 /OUTPUT 8 "pot_percent";
    .port_info 7 /OUTPUT 16 "lm35_raw";
    .port_info 8 /OUTPUT 16 "pot_raw";
    .port_info 9 /OUTPUT 1 "data_valid";
P_0000024821276300 .param/l "ADC_MAX" 0 8 24, +C4<00000000000000000000001111111111>;
P_0000024821276338 .param/l "LM35_SCALE_X10" 0 8 25, +C4<00000000000000000000110011100100>;
P_0000024821276370 .param/l "POT_SCALE_PERCENT" 0 8 26, +C4<00000000000000000000000001100100>;
v0000024821355bf0_0 .net *"_ivl_0", 31 0, L_00000248213695e0;  1 drivers
v0000024821355dd0_0 .net *"_ivl_10", 31 0, L_000002482136a800;  1 drivers
L_000002482136b138 .functor BUFT 1, C4<0000000000000000000000>, C4<0>, C4<0>, C4<0>;
v0000024821355e70_0 .net *"_ivl_13", 21 0, L_000002482136b138;  1 drivers
L_000002482136b180 .functor BUFT 1, C4<00000000000000000000000001100100>, C4<0>, C4<0>, C4<0>;
v0000024821355fb0_0 .net/2u *"_ivl_14", 31 0, L_000002482136b180;  1 drivers
v00000248213670d0_0 .net *"_ivl_17", 31 0, L_000002482136ab20;  1 drivers
L_000002482136b1c8 .functor BUFT 1, C4<0>, C4<0>, C4<0>, C4<0>;
v0000024821368cf0_0 .net/2u *"_ivl_20", 0 0, L_000002482136b1c8;  1 drivers
v0000024821367170_0 .net *"_ivl_22", 22 0, L_000002482136a620;  1 drivers
L_000002482136b210 .functor BUFT 1, C4<00000000000000111111111>, C4<0>, C4<0>, C4<0>;
v0000024821368f70_0 .net/2u *"_ivl_24", 22 0, L_000002482136b210;  1 drivers
L_000002482136b258 .functor BUFT 1, C4<0>, C4<0>, C4<0>, C4<0>;
v00000248213677b0_0 .net/2u *"_ivl_28", 0 0, L_000002482136b258;  1 drivers
L_000002482136b0a8 .functor BUFT 1, C4<0000000000000000000000>, C4<0>, C4<0>, C4<0>;
v0000024821367710_0 .net *"_ivl_3", 21 0, L_000002482136b0a8;  1 drivers
v00000248213678f0_0 .net *"_ivl_30", 17 0, L_000002482136ac60;  1 drivers
L_000002482136b2a0 .functor BUFT 1, C4<000000000111111111>, C4<0>, C4<0>, C4<0>;
v0000024821368610_0 .net/2u *"_ivl_32", 17 0, L_000002482136b2a0;  1 drivers
L_000002482136b2e8 .functor BUFT 1, C4<00000000000001111111111>, C4<0>, C4<0>, C4<0>;
v0000024821368e30_0 .net/2u *"_ivl_36", 22 0, L_000002482136b2e8;  1 drivers
L_000002482136b0f0 .functor BUFT 1, C4<00000000000000000000110011100100>, C4<0>, C4<0>, C4<0>;
v0000024821367fd0_0 .net/2u *"_ivl_4", 31 0, L_000002482136b0f0;  1 drivers
L_000002482136b330 .functor BUFT 1, C4<000000001111111111>, C4<0>, C4<0>, C4<0>;
v0000024821367e90_0 .net/2u *"_ivl_40", 17 0, L_000002482136b330;  1 drivers
v0000024821367850_0 .net *"_ivl_7", 31 0, L_000002482136a760;  1 drivers
v00000248213687f0_0 .net "clk", 0 0, v000002482136a080_0;  alias, 1 drivers
v0000024821367210_0 .var "data_valid", 0 0;
v0000024821368a70_0 .net "lm35_adc", 9 0, v0000024821354400_0;  alias, 1 drivers
v00000248213672b0_0 .net "lm35_div_result", 22 0, L_0000024821369680;  1 drivers
v0000024821367990_0 .net "lm35_product", 21 0, L_000002482136a9e0;  1 drivers
v0000024821367350_0 .var "lm35_raw", 15 0;
v0000024821367670_0 .net "lm35_round_sum", 22 0, L_000002482136abc0;  1 drivers
v00000248213684d0_0 .net "lm35_scaled", 21 0, L_0000024821369a40;  1 drivers
v0000024821368070_0 .var "lm35_temp_x10", 15 0;
v0000024821367490_0 .net "pot_adc", 9 0, v00000248213544a0_0;  alias, 1 drivers
v0000024821367cb0_0 .net "pot_div_result", 17 0, L_0000024821369720;  1 drivers
v0000024821367f30_0 .var "pot_percent", 7 0;
v0000024821368110_0 .net "pot_product", 16 0, L_0000024821369860;  1 drivers
v0000024821368c50_0 .var "pot_raw", 15 0;
v0000024821368930_0 .net "pot_round_sum", 17 0, L_000002482136ad00;  1 drivers
v0000024821368890_0 .net "pot_scaled", 16 0, L_0000024821369ae0;  1 drivers
v00000248213673f0_0 .net "rst_n", 0 0, v0000024821369ea0_0;  alias, 1 drivers
v0000024821367530_0 .net "sample_valid", 0 0, v0000024821369220_0;  1 drivers
L_00000248213695e0 .concat [ 10 22 0 0], v0000024821354400_0, L_000002482136b0a8;
L_000002482136a760 .arith/mult 32, L_00000248213695e0, L_000002482136b0f0;
L_000002482136a9e0 .part L_000002482136a760, 0, 22;
L_000002482136a800 .concat [ 10 22 0 0], v00000248213544a0_0, L_000002482136b138;
L_000002482136ab20 .arith/mult 32, L_000002482136a800, L_000002482136b180;
L_0000024821369860 .part L_000002482136ab20, 0, 17;
L_000002482136a620 .concat [ 22 1 0 0], L_000002482136a9e0, L_000002482136b1c8;
L_000002482136abc0 .arith/sum 23, L_000002482136a620, L_000002482136b210;
L_000002482136ac60 .concat [ 17 1 0 0], L_0000024821369860, L_000002482136b258;
L_000002482136ad00 .arith/sum 18, L_000002482136ac60, L_000002482136b2a0;
L_0000024821369680 .arith/div 23, L_000002482136abc0, L_000002482136b2e8;
L_0000024821369720 .arith/div 18, L_000002482136ad00, L_000002482136b330;
L_0000024821369a40 .part L_0000024821369680, 0, 22;
L_0000024821369ae0 .part L_0000024821369720, 0, 17;
S_00000248211d27b0 .scope module, "u_tp4_bram" "tp4_bram" 4 148, 9 5 0, S_00000248212facd0;
 .timescale -9 -12;
    .port_info 0 /INPUT 1 "clk";
    .port_info 1 /INPUT 1 "en";
    .port_info 2 /INPUT 8 "addr";
    .port_info 3 /OUTPUT 16 "data";
P_00000248211697e0 .param/l "ADDR_WIDTH" 0 9 6, +C4<00000000000000000000000000001000>;
P_0000024821169818 .param/l "DATA_WIDTH" 0 9 7, +C4<00000000000000000000000000010000>;
v00000248213689d0_0 .net "addr", 7 0, L_0000024821369360;  alias, 1 drivers
v00000248213675d0_0 .net "clk", 0 0, v000002482136a080_0;  alias, 1 drivers
v0000024821368b10_0 .var "data", 15 0;
v0000024821367a30_0 .net "en", 0 0, v0000024821367210_0;  alias, 1 drivers
v00000248213681b0_0 .var/i "i", 31 0;
v0000024821367d50 .array "lut", 255 0, 15 0;
E_00000248212e3ef0 .event posedge, v0000024821351db0_0;
    .scope S_00000248212780b0;
T_6 ;
    %wait E_00000248212e2b70;
    %load/vec4 v00000248213550b0_0;
    %nor/r;
    %flag_set/vec4 8;
    %jmp/0xz  T_6.0, 8;
    %pushi/vec4 0, 0, 3;
    %assign/vec4 v0000024821356230_0, 0;
    %pushi/vec4 0, 0, 1;
    %assign/vec4 v0000024821355330_0, 0;
    %pushi/vec4 0, 0, 5;
    %assign/vec4 v0000024821356d70_0, 0;
    %pushi/vec4 0, 0, 5;
    %assign/vec4 v0000024821356910_0, 0;
    %pushi/vec4 0, 0, 16;
    %assign/vec4 v00000248213562d0_0, 0;
    %pushi/vec4 0, 0, 10;
    %assign/vec4 v0000024821356370_0, 0;
    %pushi/vec4 0, 0, 1;
    %assign/vec4 v0000024821354a40_0, 0;
    %pushi/vec4 1, 0, 1;
    %assign/vec4 v0000024821356b90_0, 0;
    %pushi/vec4 0, 0, 1;
    %assign/vec4 v0000024821356190_0, 0;
    %pushi/vec4 0, 0, 1;
    %assign/vec4 v0000024821355510_0, 0;
    %pushi/vec4 0, 0, 10;
    %assign/vec4 v0000024821354400_0, 0;
    %pushi/vec4 0, 0, 10;
    %assign/vec4 v00000248213544a0_0, 0;
    %pushi/vec4 0, 0, 1;
    %assign/vec4 v00000248213560f0_0, 0;
    %pushi/vec4 0, 0, 1;
    %assign/vec4 v00000248213545e0_0, 0;
    %jmp T_6.1;
T_6.0 ;
    %pushi/vec4 0, 0, 1;
    %assign/vec4 v00000248213560f0_0, 0;
    %load/vec4 v0000024821356230_0;
    %dup/vec4;
    %pushi/vec4 0, 0, 3;
    %cmp/u;
    %jmp/1 T_6.2, 6;
    %dup/vec4;
    %pushi/vec4 1, 0, 3;
    %cmp/u;
    %jmp/1 T_6.3, 6;
    %dup/vec4;
    %pushi/vec4 2, 0, 3;
    %cmp/u;
    %jmp/1 T_6.4, 6;
    %dup/vec4;
    %pushi/vec4 3, 0, 3;
    %cmp/u;
    %jmp/1 T_6.5, 6;
    %pushi/vec4 0, 0, 3;
    %assign/vec4 v0000024821356230_0, 0;
    %jmp T_6.7;
T_6.2 ;
    %pushi/vec4 1, 0, 1;
    %assign/vec4 v0000024821356b90_0, 0;
    %pushi/vec4 0, 0, 1;
    %assign/vec4 v0000024821356190_0, 0;
    %pushi/vec4 0, 0, 1;
    %assign/vec4 v00000248213545e0_0, 0;
    %load/vec4 v0000024821356d70_0;
    %pad/u 32;
    %cmpi/e 19, 0, 32;
    %jmp/0xz  T_6.8, 4;
    %pushi/vec4 0, 0, 5;
    %assign/vec4 v0000024821356d70_0, 0;
    %pushi/vec4 1, 0, 3;
    %assign/vec4 v0000024821356230_0, 0;
    %pushi/vec4 1, 0, 1;
    %assign/vec4 v00000248213545e0_0, 0;
    %jmp T_6.9;
T_6.8 ;
    %load/vec4 v0000024821356d70_0;
    %addi 1, 0, 5;
    %assign/vec4 v0000024821356d70_0, 0;
T_6.9 ;
    %jmp T_6.7;
T_6.3 ;
    %pushi/vec4 0, 0, 1;
    %assign/vec4 v0000024821356b90_0, 0;
    %pushi/vec4 0, 0, 1;
    %assign/vec4 v0000024821356190_0, 0;
    %pushi/vec4 0, 0, 5;
    %assign/vec4 v0000024821356910_0, 0;
    %pushi/vec4 0, 0, 10;
    %assign/vec4 v0000024821356370_0, 0;
    %pushi/vec4 0, 0, 1;
    %assign/vec4 v0000024821355330_0, 0;
    %load/vec4 v0000024821354a40_0;
    %cmpi/e 0, 0, 1;
    %jmp/0xz  T_6.10, 4;
    %pushi/vec4 49152, 0, 16;
    %assign/vec4 v00000248213562d0_0, 0;
    %jmp T_6.11;
T_6.10 ;
    %pushi/vec4 63488, 0, 16;
    %assign/vec4 v00000248213562d0_0, 0;
T_6.11 ;
    %pushi/vec4 1, 0, 1;
    %assign/vec4 v0000024821355510_0, 0;
    %pushi/vec4 2, 0, 3;
    %assign/vec4 v0000024821356230_0, 0;
    %jmp T_6.7;
T_6.4 ;
    %load/vec4 v0000024821355330_0;
    %pad/u 32;
    %cmpi/e 0, 0, 32;
    %jmp/0xz  T_6.12, 4;
    %pushi/vec4 0, 0, 1;
    %assign/vec4 v0000024821355330_0, 0;
    %load/vec4 v0000024821356190_0;
    %cmpi/e 0, 0, 1;
    %jmp/0xz  T_6.14, 4;
    %pushi/vec4 1, 0, 1;
    %assign/vec4 v0000024821356190_0, 0;
    %load/vec4 v0000024821356910_0;
    %cmpi/u 7, 0, 5;
    %flag_inv 5; GE is !LT
    %flag_get/vec4 5;
    %jmp/0 T_6.18, 5;
    %load/vec4 v0000024821356910_0;
    %cmpi/u 16, 0, 5;
    %flag_get/vec4 4;
    %flag_get/vec4 5;
    %or;
    %and;
T_6.18;
    %flag_set/vec4 8;
    %jmp/0xz  T_6.16, 8;
    %load/vec4 v0000024821356370_0;
    %parti/s 9, 0, 2;
    %load/vec4 v00000248213569b0_0;
    %concat/vec4; draw_concat_vec4
    %assign/vec4 v0000024821356370_0, 0;
T_6.16 ;
    %load/vec4 v0000024821356910_0;
    %addi 1, 0, 5;
    %assign/vec4 v0000024821356910_0, 0;
    %jmp T_6.15;
T_6.14 ;
    %pushi/vec4 0, 0, 1;
    %assign/vec4 v0000024821356190_0, 0;
    %load/vec4 v00000248213562d0_0;
    %parti/s 15, 0, 2;
    %concati/vec4 0, 0, 1;
    %assign/vec4 v00000248213562d0_0, 0;
    %load/vec4 v00000248213562d0_0;
    %parti/s 1, 14, 5;
    %assign/vec4 v0000024821355510_0, 0;
    %load/vec4 v0000024821356910_0;
    %cmpi/e 17, 0, 5;
    %jmp/0xz  T_6.19, 4;
    %pushi/vec4 3, 0, 3;
    %assign/vec4 v0000024821356230_0, 0;
T_6.19 ;
T_6.15 ;
    %jmp T_6.13;
T_6.12 ;
    %load/vec4 v0000024821355330_0;
    %addi 1, 0, 1;
    %assign/vec4 v0000024821355330_0, 0;
T_6.13 ;
    %jmp T_6.7;
T_6.5 ;
    %pushi/vec4 1, 0, 1;
    %assign/vec4 v0000024821356b90_0, 0;
    %pushi/vec4 0, 0, 1;
    %assign/vec4 v0000024821356190_0, 0;
    %pushi/vec4 0, 0, 1;
    %assign/vec4 v00000248213545e0_0, 0;
    %load/vec4 v0000024821354a40_0;
    %cmpi/e 0, 0, 1;
    %jmp/0xz  T_6.21, 4;
    %load/vec4 v0000024821356370_0;
    %assign/vec4 v0000024821354400_0, 0;
    %jmp T_6.22;
T_6.21 ;
    %load/vec4 v0000024821356370_0;
    %assign/vec4 v00000248213544a0_0, 0;
    %pushi/vec4 1, 0, 1;
    %assign/vec4 v00000248213560f0_0, 0;
T_6.22 ;
    %load/vec4 v0000024821354a40_0;
    %inv;
    %assign/vec4 v0000024821354a40_0, 0;
    %pushi/vec4 0, 0, 3;
    %assign/vec4 v0000024821356230_0, 0;
    %jmp T_6.7;
T_6.7 ;
    %pop/vec4 1;
T_6.1 ;
    %jmp T_6;
    .thread T_6;
    .scope S_00000248211c54e0;
T_7 ;
    %wait E_00000248212e2b70;
    %load/vec4 v00000248213673f0_0;
    %nor/r;
    %flag_set/vec4 8;
    %jmp/0xz  T_7.0, 8;
    %pushi/vec4 0, 0, 16;
    %assign/vec4 v0000024821368070_0, 0;
    %pushi/vec4 0, 0, 8;
    %assign/vec4 v0000024821367f30_0, 0;
    %pushi/vec4 0, 0, 16;
    %assign/vec4 v0000024821367350_0, 0;
    %pushi/vec4 0, 0, 16;
    %assign/vec4 v0000024821368c50_0, 0;
    %pushi/vec4 0, 0, 1;
    %assign/vec4 v0000024821367210_0, 0;
    %jmp T_7.1;
T_7.0 ;
    %pushi/vec4 0, 0, 1;
    %assign/vec4 v0000024821367210_0, 0;
    %load/vec4 v0000024821367530_0;
    %flag_set/vec4 8;
    %jmp/0xz  T_7.2, 8;
    %load/vec4 v00000248213684d0_0;
    %parti/s 16, 0, 2;
    %assign/vec4 v0000024821368070_0, 0;
    %load/vec4 v0000024821368890_0;
    %cmpi/u 100, 0, 17;
    %flag_or 5, 4; GT is !LE
    %flag_inv 5;
    %flag_mov 8, 5;
    %jmp/0 T_7.4, 8;
    %pushi/vec4 100, 0, 8;
    %jmp/1 T_7.5, 8;
T_7.4 ; End of true expr.
    %load/vec4 v0000024821368890_0;
    %parti/s 8, 0, 2;
    %jmp/0 T_7.5, 8;
 ; End of false expr.
    %blend;
T_7.5;
    %assign/vec4 v0000024821367f30_0, 0;
    %pushi/vec4 0, 0, 6;
    %load/vec4 v0000024821368a70_0;
    %concat/vec4; draw_concat_vec4
    %assign/vec4 v0000024821367350_0, 0;
    %pushi/vec4 0, 0, 6;
    %load/vec4 v0000024821367490_0;
    %concat/vec4; draw_concat_vec4
    %assign/vec4 v0000024821368c50_0, 0;
    %pushi/vec4 1, 0, 1;
    %assign/vec4 v0000024821367210_0, 0;
T_7.2 ;
T_7.1 ;
    %jmp T_7;
    .thread T_7;
    .scope S_00000248212fae60;
T_8 ;
    %wait E_00000248212e2b70;
    %load/vec4 v0000024821353d20_0;
    %nor/r;
    %flag_set/vec4 8;
    %jmp/0xz  T_8.0, 8;
    %pushi/vec4 0, 0, 5;
    %assign/vec4 v00000248213540e0_0, 0;
    %pushi/vec4 0, 0, 2;
    %assign/vec4 v0000024821353b40_0, 0;
    %pushi/vec4 0, 0, 4;
    %assign/vec4 v0000024821352850_0, 0;
    %pushi/vec4 0, 0, 1;
    %assign/vec4 v0000024821354860_0, 0;
    %pushi/vec4 0, 0, 1;
    %assign/vec4 v0000024821353960_0, 0;
    %pushi/vec4 0, 0, 1;
    %assign/vec4 v0000024821354e00_0, 0;
    %pushi/vec4 0, 0, 1;
    %assign/vec4 v00000248213531e0_0, 0;
    %pushi/vec4 0, 0, 1;
    %assign/vec4 v0000024821352df0_0, 0;
    %pushi/vec4 0, 0, 8;
    %assign/vec4 v00000248213542c0_0, 0;
    %pushi/vec4 0, 0, 8;
    %assign/vec4 v0000024821353140_0, 0;
    %pushi/vec4 0, 0, 8;
    %assign/vec4 v0000024821353aa0_0, 0;
    %pushi/vec4 0, 0, 8;
    %assign/vec4 v0000024821353460_0, 0;
    %pushi/vec4 0, 0, 3;
    %assign/vec4 v0000024821354cc0_0, 0;
    %pushi/vec4 0, 0, 3;
    %assign/vec4 v0000024821353be0_0, 0;
    %pushi/vec4 0, 0, 6;
    %assign/vec4 v0000024821354d60_0, 0;
    %pushi/vec4 0, 0, 2;
    %assign/vec4 v0000024821353280_0, 0;
    %pushi/vec4 0, 0, 5;
    %assign/vec4 v0000024821352990_0, 0;
    %pushi/vec4 0, 0, 32;
    %store/vec4 v0000024821354540_0, 0, 32;
T_8.2 ;
    %load/vec4 v0000024821354540_0;
    %cmpi/s 22, 0, 32;
    %jmp/0xz T_8.3, 5;
    %pushi/vec4 0, 0, 8;
    %ix/getv/s 3, v0000024821354540_0;
    %ix/load 4, 0, 0; Constant delay
    %assign/vec4/a/d v0000024821352030, 0, 4;
    %load/vec4 v0000024821354540_0;
    %addi 1, 0, 32;
    %store/vec4 v0000024821354540_0, 0, 32;
    %jmp T_8.2;
T_8.3 ;
    %pushi/vec4 0, 0, 16;
    %assign/vec4 v00000248213513b0_0, 0;
    %pushi/vec4 0, 0, 16;
    %assign/vec4 v0000024821352170_0, 0;
    %pushi/vec4 0, 0, 16;
    %assign/vec4 v0000024821351090_0, 0;
    %pushi/vec4 0, 0, 16;
    %assign/vec4 v0000024821351630_0, 0;
    %pushi/vec4 0, 0, 16;
    %assign/vec4 v00000248213528f0_0, 0;
    %pushi/vec4 0, 0, 16;
    %assign/vec4 v0000024821351d10_0, 0;
    %pushi/vec4 0, 0, 16;
    %assign/vec4 v00000248213516d0_0, 0;
    %pushi/vec4 0, 0, 16;
    %assign/vec4 v0000024821351130_0, 0;
    %pushi/vec4 0, 0, 16;
    %assign/vec4 v0000024821354720_0, 0;
    %pushi/vec4 0, 0, 16;
    %assign/vec4 v0000024821354b80_0, 0;
    %pushi/vec4 0, 0, 16;
    %assign/vec4 v00000248213535a0_0, 0;
    %pushi/vec4 0, 0, 16;
    %assign/vec4 v0000024821354f40_0, 0;
    %pushi/vec4 0, 0, 16;
    %assign/vec4 v0000024821353500_0, 0;
    %pushi/vec4 0, 0, 6;
    %assign/vec4 v0000024821352a30_0, 0;
    %pushi/vec4 0, 0, 32;
    %assign/vec4 v00000248213530a0_0, 0;
    %pushi/vec4 0, 0, 32;
    %assign/vec4 v0000024821354360_0, 0;
    %pushi/vec4 0, 0, 32;
    %assign/vec4 v0000024821351f90_0, 0;
    %pushi/vec4 0, 0, 32;
    %assign/vec4 v0000024821351c70_0, 0;
    %pushi/vec4 0, 0, 32;
    %assign/vec4 v0000024821352670_0, 0;
    %pushi/vec4 0, 0, 32;
    %assign/vec4 v00000248213519f0_0, 0;
    %pushi/vec4 0, 0, 40;
    %assign/vec4 v0000024821351450_0, 0;
    %pushi/vec4 0, 0, 32;
    %assign/vec4 v0000024821354ea0_0, 0;
    %pushi/vec4 0, 0, 32;
    %assign/vec4 v0000024821353a00_0, 0;
    %pushi/vec4 0, 0, 32;
    %assign/vec4 v00000248213511d0_0, 0;
    %pushi/vec4 0, 0, 48;
    %assign/vec4 v0000024821353fa0_0, 0;
    %pushi/vec4 0, 0, 48;
    %assign/vec4 v0000024821354220_0, 0;
    %pushi/vec4 0, 0, 48;
    %assign/vec4 v0000024821354900_0, 0;
    %pushi/vec4 0, 0, 24;
    %assign/vec4 v0000024821353640_0, 0;
    %pushi/vec4 0, 0, 5;
    %assign/vec4 v00000248213536e0_0, 0;
    %pushi/vec4 0, 0, 1;
    %assign/vec4 v0000024821353780_0, 0;
    %pushi/vec4 0, 0, 1;
    %assign/vec4 v0000024821354680_0, 0;
    %pushi/vec4 0, 0, 40;
    %assign/vec4 v00000248213520d0_0, 0;
    %pushi/vec4 0, 0, 40;
    %assign/vec4 v0000024821352cb0_0, 0;
    %pushi/vec4 0, 0, 40;
    %assign/vec4 v00000248213518b0_0, 0;
    %pushi/vec4 0, 0, 41;
    %assign/vec4 v00000248213547c0_0, 0;
    %pushi/vec4 0, 0, 40;
    %assign/vec4 v0000024821354ae0_0, 0;
    %pushi/vec4 0, 0, 6;
    %assign/vec4 v0000024821352ad0_0, 0;
    %pushi/vec4 0, 0, 1;
    %assign/vec4 v0000024821352350_0, 0;
    %pushi/vec4 0, 0, 1;
    %assign/vec4 v0000024821352f30_0, 0;
    %pushi/vec4 0, 0, 1;
    %assign/vec4 v0000024821351310_0, 0;
    %pushi/vec4 0, 0, 1;
    %assign/vec4 v0000024821351e50_0, 0;
    %pushi/vec4 0, 0, 32;
    %assign/vec4 v0000024821353c80_0, 0;
    %pushi/vec4 0, 0, 16;
    %assign/vec4 v0000024821354180_0, 0;
    %pushi/vec4 0, 0, 1;
    %assign/vec4 v0000024821351770_0, 0;
    %pushi/vec4 1, 0, 1;
    %assign/vec4 v0000024821351270_0, 0;
    %pushi/vec4 0, 0, 1;
    %assign/vec4 v0000024821353dc0_0, 0;
    %jmp T_8.1;
T_8.0 ;
    %pushi/vec4 0, 0, 1;
    %assign/vec4 v0000024821351770_0, 0;
    %load/vec4 v00000248213540e0_0;
    %cmpi/e 8, 0, 5;
    %jmp/0xz  T_8.4, 4;
    %pushi/vec4 1, 0, 1;
    %assign/vec4 v0000024821351270_0, 0;
    %load/vec4 v0000024821354680_0;
    %flag_set/vec4 8;
    %jmp/0xz  T_8.6, 8;
    %load/vec4 v00000248213536e0_0;
    %cmpi/e 23, 0, 5;
    %jmp/0xz  T_8.8, 4;
    %load/vec4 v0000024821354040_0;
    %assign/vec4 v0000024821354900_0, 0;
    %pushi/vec4 0, 0, 1;
    %assign/vec4 v0000024821354680_0, 0;
    %load/vec4 v0000024821352a30_0;
    %dup/vec4;
    %pushi/vec4 2, 0, 6;
    %cmp/u;
    %jmp/1 T_8.10, 6;
    %dup/vec4;
    %pushi/vec4 7, 0, 6;
    %cmp/u;
    %jmp/1 T_8.11, 6;
    %dup/vec4;
    %pushi/vec4 9, 0, 6;
    %cmp/u;
    %jmp/1 T_8.12, 6;
    %dup/vec4;
    %pushi/vec4 11, 0, 6;
    %cmp/u;
    %jmp/1 T_8.13, 6;
    %dup/vec4;
    %pushi/vec4 13, 0, 6;
    %cmp/u;
    %jmp/1 T_8.14, 6;
    %dup/vec4;
    %pushi/vec4 15, 0, 6;
    %cmp/u;
    %jmp/1 T_8.15, 6;
    %dup/vec4;
    %pushi/vec4 17, 0, 6;
    %cmp/u;
    %jmp/1 T_8.16, 6;
    %dup/vec4;
    %pushi/vec4 23, 0, 6;
    %cmp/u;
    %jmp/1 T_8.17, 6;
    %dup/vec4;
    %pushi/vec4 25, 0, 6;
    %cmp/u;
    %jmp/1 T_8.18, 6;
    %dup/vec4;
    %pushi/vec4 27, 0, 6;
    %cmp/u;
    %jmp/1 T_8.19, 6;
    %pushi/vec4 0, 0, 6;
    %assign/vec4 v0000024821352a30_0, 0;
    %pushi/vec4 0, 0, 5;
    %assign/vec4 v00000248213540e0_0, 0;
    %jmp T_8.21;
T_8.10 ;
    %load/vec4 v00000248213533c0_0;
    %assign/vec4 v00000248213530a0_0, 0;
    %pushi/vec4 3, 0, 6;
    %assign/vec4 v0000024821352a30_0, 0;
    %jmp T_8.21;
T_8.11 ;
    %load/vec4 v0000024821354040_0;
    %parti/s 32, 0, 2;
    %assign/vec4 v00000248213511d0_0, 0;
    %pushi/vec4 8, 0, 6;
    %assign/vec4 v0000024821352a30_0, 0;
    %jmp T_8.21;
T_8.12 ;
    %load/vec4 v00000248213549a0_0;
    %assign/vec4 v00000248213530a0_0, 0;
    %pushi/vec4 10, 0, 6;
    %assign/vec4 v0000024821352a30_0, 0;
    %jmp T_8.21;
T_8.13 ;
    %load/vec4 v00000248213549a0_0;
    %assign/vec4 v0000024821354360_0, 0;
    %load/vec4 v00000248213527b0_0;
    %assign/vec4 v0000024821352670_0, 0;
    %pushi/vec4 12, 0, 6;
    %assign/vec4 v0000024821352a30_0, 0;
    %jmp T_8.21;
T_8.14 ;
    %load/vec4 v0000024821353820_0;
    %assign/vec4 v00000248213530a0_0, 0;
    %pushi/vec4 14, 0, 6;
    %assign/vec4 v0000024821352a30_0, 0;
    %jmp T_8.21;
T_8.15 ;
    %load/vec4 v00000248213538c0_0;
    %assign/vec4 v0000024821354360_0, 0;
    %pushi/vec4 16, 0, 6;
    %assign/vec4 v0000024821352a30_0, 0;
    %jmp T_8.21;
T_8.16 ;
    %load/vec4 v00000248213533c0_0;
    %assign/vec4 v00000248213519f0_0, 0;
    %pushi/vec4 18, 0, 6;
    %assign/vec4 v0000024821352a30_0, 0;
    %jmp T_8.21;
T_8.17 ;
    %load/vec4 v0000024821354040_0;
    %parti/s 32, 0, 2;
    %assign/vec4 v00000248213530a0_0, 0;
    %pushi/vec4 24, 0, 6;
    %assign/vec4 v0000024821352a30_0, 0;
    %jmp T_8.21;
T_8.18 ;
    %load/vec4 v00000248213538c0_0;
    %assign/vec4 v00000248213530a0_0, 0;
    %pushi/vec4 26, 0, 6;
    %assign/vec4 v0000024821352a30_0, 0;
    %jmp T_8.21;
T_8.19 ;
    %load/vec4 v00000248213538c0_0;
    %assign/vec4 v0000024821354360_0, 0;
    %pushi/vec4 28, 0, 6;
    %assign/vec4 v0000024821352a30_0, 0;
    %jmp T_8.21;
T_8.21 ;
    %pop/vec4 1;
    %jmp T_8.9;
T_8.8 ;
    %load/vec4 v0000024821354c20_0;
    %assign/vec4 v0000024821354220_0, 0;
    %load/vec4 v0000024821353fa0_0;
    %ix/load 4, 1, 0;
    %flag_set/imm 4, 0;
    %shiftl 4;
    %assign/vec4 v0000024821353fa0_0, 0;
    %load/vec4 v0000024821353640_0;
    %ix/load 4, 1, 0;
    %flag_set/imm 4, 0;
    %shiftr 4;
    %assign/vec4 v0000024821353640_0, 0;
    %load/vec4 v00000248213536e0_0;
    %addi 1, 0, 5;
    %assign/vec4 v00000248213536e0_0, 0;
T_8.9 ;
    %jmp T_8.7;
T_8.6 ;
    %load/vec4 v0000024821351e50_0;
    %flag_set/vec4 8;
    %jmp/0xz  T_8.22, 8;
    %load/vec4 v0000024821352ad0_0;
    %cmpi/e 39, 0, 6;
    %jmp/0xz  T_8.24, 4;
    %load/vec4 v0000024821351810_0;
    %load/vec4 v0000024821352350_0;
    %load/vec4 v0000024821352f30_0;
    %load/vec4 v0000024821351950_0;
    %pushi/vec4 0, 0, 41;
    %cmp/ne;
    %flag_get/vec4 4;
    %load/vec4 v0000024821351310_0;
    %store/vec4 v00000248212ad760_0, 0, 1;
    %store/vec4 v00000248212ad120_0, 0, 1;
    %store/vec4 v00000248212acb80_0, 0, 1;
    %store/vec4 v00000248212acc20_0, 0, 1;
    %store/vec4 v00000248212ae160_0, 0, 40;
    %callf/vec4 TD_tb_tang_nano_4k_top_compile.dut.u_bmp.signed_div_result, S_000002482126c000;
    %assign/vec4 v0000024821354ae0_0, 0;
    %pushi/vec4 0, 0, 1;
    %assign/vec4 v0000024821351e50_0, 0;
    %load/vec4 v0000024821352a30_0;
    %dup/vec4;
    %pushi/vec4 4, 0, 6;
    %cmp/u;
    %jmp/1 T_8.26, 6;
    %dup/vec4;
    %pushi/vec4 20, 0, 6;
    %cmp/u;
    %jmp/1 T_8.27, 6;
    %pushi/vec4 0, 0, 6;
    %assign/vec4 v0000024821352a30_0, 0;
    %pushi/vec4 0, 0, 5;
    %assign/vec4 v00000248213540e0_0, 0;
    %jmp T_8.29;
T_8.26 ;
    %pushi/vec4 5, 0, 6;
    %assign/vec4 v0000024821352a30_0, 0;
    %jmp T_8.29;
T_8.27 ;
    %pushi/vec4 21, 0, 6;
    %assign/vec4 v0000024821352a30_0, 0;
    %jmp T_8.29;
T_8.29 ;
    %pop/vec4 1;
    %jmp T_8.25;
T_8.24 ;
    %load/vec4 v0000024821351950_0;
    %assign/vec4 v00000248213547c0_0, 0;
    %load/vec4 v0000024821351810_0;
    %assign/vec4 v00000248213518b0_0, 0;
    %load/vec4 v00000248213520d0_0;
    %parti/s 39, 0, 2;
    %concati/vec4 0, 0, 1;
    %assign/vec4 v00000248213520d0_0, 0;
    %load/vec4 v0000024821352ad0_0;
    %addi 1, 0, 6;
    %assign/vec4 v0000024821352ad0_0, 0;
T_8.25 ;
    %jmp T_8.23;
T_8.22 ;
    %load/vec4 v0000024821352a30_0;
    %dup/vec4;
    %pushi/vec4 1, 0, 6;
    %cmp/u;
    %jmp/1 T_8.30, 6;
    %dup/vec4;
    %pushi/vec4 3, 0, 6;
    %cmp/u;
    %jmp/1 T_8.31, 6;
    %dup/vec4;
    %pushi/vec4 5, 0, 6;
    %cmp/u;
    %jmp/1 T_8.32, 6;
    %dup/vec4;
    %pushi/vec4 6, 0, 6;
    %cmp/u;
    %jmp/1 T_8.33, 6;
    %dup/vec4;
    %pushi/vec4 8, 0, 6;
    %cmp/u;
    %jmp/1 T_8.34, 6;
    %dup/vec4;
    %pushi/vec4 10, 0, 6;
    %cmp/u;
    %jmp/1 T_8.35, 6;
    %dup/vec4;
    %pushi/vec4 12, 0, 6;
    %cmp/u;
    %jmp/1 T_8.36, 6;
    %dup/vec4;
    %pushi/vec4 14, 0, 6;
    %cmp/u;
    %jmp/1 T_8.37, 6;
    %dup/vec4;
    %pushi/vec4 16, 0, 6;
    %cmp/u;
    %jmp/1 T_8.38, 6;
    %dup/vec4;
    %pushi/vec4 18, 0, 6;
    %cmp/u;
    %jmp/1 T_8.39, 6;
    %dup/vec4;
    %pushi/vec4 19, 0, 6;
    %cmp/u;
    %jmp/1 T_8.40, 6;
    %dup/vec4;
    %pushi/vec4 21, 0, 6;
    %cmp/u;
    %jmp/1 T_8.41, 6;
    %dup/vec4;
    %pushi/vec4 22, 0, 6;
    %cmp/u;
    %jmp/1 T_8.42, 6;
    %dup/vec4;
    %pushi/vec4 24, 0, 6;
    %cmp/u;
    %jmp/1 T_8.43, 6;
    %dup/vec4;
    %pushi/vec4 26, 0, 6;
    %cmp/u;
    %jmp/1 T_8.44, 6;
    %dup/vec4;
    %pushi/vec4 28, 0, 6;
    %cmp/u;
    %jmp/1 T_8.45, 6;
    %dup/vec4;
    %pushi/vec4 29, 0, 6;
    %cmp/u;
    %jmp/1 T_8.46, 6;
    %pushi/vec4 0, 0, 6;
    %assign/vec4 v0000024821352a30_0, 0;
    %pushi/vec4 0, 0, 5;
    %assign/vec4 v00000248213540e0_0, 0;
    %jmp T_8.48;
T_8.30 ;
    %pushi/vec4 0, 0, 24;
    %pushi/vec4 0, 0, 16;
    %load/vec4 v0000024821354f40_0;
    %concat/vec4; draw_concat_vec4
    %load/vec4 v0000024821351d10_0;
    %store/vec4 v00000248212ac400_0, 0, 16;
    %callf/vec4 TD_tb_tang_nano_4k_top_compile.dut.u_bmp.sx16, S_000002482126e400;
    %sub;
    %store/vec4 v00000248212ad080_0, 0, 32;
    %callf/vec4 TD_tb_tang_nano_4k_top_compile.dut.u_bmp.abs24, S_000002482126e900;
    %concat/vec4; draw_concat_vec4
    %assign/vec4 v0000024821353fa0_0, 0;
    %load/vec4 v00000248213528f0_0;
    %store/vec4 v00000248212adda0_0, 0, 16;
    %callf/vec4 TD_tb_tang_nano_4k_top_compile.dut.u_bmp.ux16, S_000002482126e590;
    %store/vec4 v00000248212ad080_0, 0, 32;
    %callf/vec4 TD_tb_tang_nano_4k_top_compile.dut.u_bmp.abs24, S_000002482126e900;
    %assign/vec4 v0000024821353640_0, 0;
    %pushi/vec4 0, 0, 48;
    %assign/vec4 v0000024821354220_0, 0;
    %pushi/vec4 0, 0, 5;
    %assign/vec4 v00000248213536e0_0, 0;
    %pushi/vec4 0, 0, 16;
    %load/vec4 v0000024821354f40_0;
    %concat/vec4; draw_concat_vec4
    %load/vec4 v0000024821351d10_0;
    %store/vec4 v00000248212ac400_0, 0, 16;
    %callf/vec4 TD_tb_tang_nano_4k_top_compile.dut.u_bmp.sx16, S_000002482126e400;
    %sub;
    %cmpi/s 0, 0, 32;
    %flag_get/vec4 5;
    %assign/vec4 v0000024821353780_0, 0;
    %pushi/vec4 1, 0, 1;
    %assign/vec4 v0000024821354680_0, 0;
    %pushi/vec4 2, 0, 6;
    %assign/vec4 v0000024821352a30_0, 0;
    %jmp T_8.48;
T_8.31 ;
    %load/vec4 v0000024821354b80_0;
    %store/vec4 v00000248212ac400_0, 0, 16;
    %callf/vec4 TD_tb_tang_nano_4k_top_compile.dut.u_bmp.sx16, S_000002482126e400;
    %pad/s 40;
    %ix/load 4, 11, 0;
    %flag_set/imm 4, 0;
    %shiftl 4;
    %store/vec4 v00000248212ad940_0, 0, 40;
    %callf/vec4 TD_tb_tang_nano_4k_top_compile.dut.u_bmp.abs40, S_000002482126ea90;
    %assign/vec4 v00000248213520d0_0, 0;
    %load/vec4 v00000248213530a0_0;
    %pad/s 40;
    %load/vec4 v00000248213535a0_0;
    %store/vec4 v00000248212ac400_0, 0, 16;
    %callf/vec4 TD_tb_tang_nano_4k_top_compile.dut.u_bmp.sx16, S_000002482126e400;
    %pad/s 40;
    %add;
    %store/vec4 v00000248212ad940_0, 0, 40;
    %callf/vec4 TD_tb_tang_nano_4k_top_compile.dut.u_bmp.abs40, S_000002482126ea90;
    %assign/vec4 v0000024821352cb0_0, 0;
    %pushi/vec4 0, 0, 40;
    %assign/vec4 v00000248213518b0_0, 0;
    %pushi/vec4 0, 0, 41;
    %assign/vec4 v00000248213547c0_0, 0;
    %pushi/vec4 0, 0, 6;
    %assign/vec4 v0000024821352ad0_0, 0;
    %load/vec4 v0000024821354b80_0;
    %store/vec4 v00000248212ac400_0, 0, 16;
    %callf/vec4 TD_tb_tang_nano_4k_top_compile.dut.u_bmp.sx16, S_000002482126e400;
    %cmpi/s 0, 0, 32;
    %flag_get/vec4 5;
    %load/vec4 v00000248213530a0_0;
    %load/vec4 v00000248213535a0_0;
    %store/vec4 v00000248212ac400_0, 0, 16;
    %callf/vec4 TD_tb_tang_nano_4k_top_compile.dut.u_bmp.sx16, S_000002482126e400;
    %add;
    %cmpi/s 0, 0, 32;
    %flag_get/vec4 5;
    %xor;
    %assign/vec4 v0000024821352350_0, 0;
    %pushi/vec4 1, 0, 1;
    %assign/vec4 v0000024821352f30_0, 0;
    %pushi/vec4 0, 0, 1;
    %assign/vec4 v0000024821351310_0, 0;
    %pushi/vec4 1, 0, 1;
    %assign/vec4 v0000024821351e50_0, 0;
    %pushi/vec4 4, 0, 6;
    %assign/vec4 v0000024821352a30_0, 0;
    %jmp T_8.48;
T_8.32 ;
    %load/vec4 v0000024821354ae0_0;
    %parti/s 32, 0, 2;
    %assign/vec4 v0000024821354360_0, 0;
    %load/vec4 v00000248213530a0_0;
    %load/vec4 v0000024821354ae0_0;
    %parti/s 32, 0, 2;
    %add;
    %assign/vec4 v0000024821351f90_0, 0;
    %load/vec4 v00000248213530a0_0;
    %load/vec4 v0000024821354ae0_0;
    %parti/s 32, 0, 2;
    %add;
    %addi 8, 0, 32;
    %ix/load 4, 4, 0;
    %flag_set/imm 4, 0;
    %shiftr/s 4;
    %assign/vec4 v0000024821354ea0_0, 0;
    %load/vec4 v00000248213530a0_0;
    %load/vec4 v0000024821354ae0_0;
    %parti/s 32, 0, 2;
    %add;
    %subi 4000, 0, 32;
    %assign/vec4 v0000024821351c70_0, 0;
    %pushi/vec4 6, 0, 6;
    %assign/vec4 v0000024821352a30_0, 0;
    %jmp T_8.48;
T_8.33 ;
    %pushi/vec4 0, 0, 24;
    %load/vec4 v0000024821351c70_0;
    %store/vec4 v00000248212ad080_0, 0, 32;
    %callf/vec4 TD_tb_tang_nano_4k_top_compile.dut.u_bmp.abs24, S_000002482126e900;
    %concat/vec4; draw_concat_vec4
    %assign/vec4 v0000024821353fa0_0, 0;
    %load/vec4 v0000024821351c70_0;
    %store/vec4 v00000248212ad080_0, 0, 32;
    %callf/vec4 TD_tb_tang_nano_4k_top_compile.dut.u_bmp.abs24, S_000002482126e900;
    %assign/vec4 v0000024821353640_0, 0;
    %pushi/vec4 0, 0, 48;
    %assign/vec4 v0000024821354220_0, 0;
    %pushi/vec4 0, 0, 5;
    %assign/vec4 v00000248213536e0_0, 0;
    %pushi/vec4 0, 0, 1;
    %assign/vec4 v0000024821353780_0, 0;
    %pushi/vec4 1, 0, 1;
    %assign/vec4 v0000024821354680_0, 0;
    %pushi/vec4 7, 0, 6;
    %assign/vec4 v0000024821352a30_0, 0;
    %jmp T_8.48;
T_8.34 ;
    %pushi/vec4 0, 0, 24;
    %load/vec4 v0000024821351130_0;
    %pad/s 32;
    %store/vec4 v00000248212ad080_0, 0, 32;
    %callf/vec4 TD_tb_tang_nano_4k_top_compile.dut.u_bmp.abs24, S_000002482126e900;
    %concat/vec4; draw_concat_vec4
    %assign/vec4 v0000024821353fa0_0, 0;
    %load/vec4 v00000248213511d0_0;
    %ix/load 4, 12, 0;
    %flag_set/imm 4, 0;
    %shiftr/s 4;
    %store/vec4 v00000248212ad080_0, 0, 32;
    %callf/vec4 TD_tb_tang_nano_4k_top_compile.dut.u_bmp.abs24, S_000002482126e900;
    %assign/vec4 v0000024821353640_0, 0;
    %pushi/vec4 0, 0, 48;
    %assign/vec4 v0000024821354220_0, 0;
    %pushi/vec4 0, 0, 5;
    %assign/vec4 v00000248213536e0_0, 0;
    %load/vec4 v0000024821351130_0;
    %pad/s 32;
    %cmpi/s 0, 0, 32;
    %flag_get/vec4 5;
    %assign/vec4 v0000024821353780_0, 0;
    %pushi/vec4 1, 0, 1;
    %assign/vec4 v0000024821354680_0, 0;
    %pushi/vec4 9, 0, 6;
    %assign/vec4 v0000024821352a30_0, 0;
    %jmp T_8.48;
T_8.35 ;
    %pushi/vec4 0, 0, 24;
    %load/vec4 v0000024821352170_0;
    %pad/s 32;
    %store/vec4 v00000248212ad080_0, 0, 32;
    %callf/vec4 TD_tb_tang_nano_4k_top_compile.dut.u_bmp.abs24, S_000002482126e900;
    %concat/vec4; draw_concat_vec4
    %assign/vec4 v0000024821353fa0_0, 0;
    %load/vec4 v0000024821351c70_0;
    %store/vec4 v00000248212ad080_0, 0, 32;
    %callf/vec4 TD_tb_tang_nano_4k_top_compile.dut.u_bmp.abs24, S_000002482126e900;
    %assign/vec4 v0000024821353640_0, 0;
    %pushi/vec4 0, 0, 48;
    %assign/vec4 v0000024821354220_0, 0;
    %pushi/vec4 0, 0, 5;
    %assign/vec4 v00000248213536e0_0, 0;
    %load/vec4 v0000024821352170_0;
    %pad/s 32;
    %cmpi/s 0, 0, 32;
    %flag_get/vec4 5;
    %load/vec4 v0000024821351c70_0;
    %cmpi/s 0, 0, 32;
    %flag_get/vec4 5;
    %xor;
    %assign/vec4 v0000024821353780_0, 0;
    %pushi/vec4 1, 0, 1;
    %assign/vec4 v0000024821354680_0, 0;
    %pushi/vec4 11, 0, 6;
    %assign/vec4 v0000024821352a30_0, 0;
    %jmp T_8.48;
T_8.36 ;
    %pushi/vec4 0, 0, 24;
    %load/vec4 v0000024821351090_0;
    %pad/s 32;
    %store/vec4 v00000248212ad080_0, 0, 32;
    %callf/vec4 TD_tb_tang_nano_4k_top_compile.dut.u_bmp.abs24, S_000002482126e900;
    %concat/vec4; draw_concat_vec4
    %assign/vec4 v0000024821353fa0_0, 0;
    %load/vec4 v0000024821351c70_0;
    %store/vec4 v00000248212ad080_0, 0, 32;
    %callf/vec4 TD_tb_tang_nano_4k_top_compile.dut.u_bmp.abs24, S_000002482126e900;
    %assign/vec4 v0000024821353640_0, 0;
    %pushi/vec4 0, 0, 48;
    %assign/vec4 v0000024821354220_0, 0;
    %pushi/vec4 0, 0, 5;
    %assign/vec4 v00000248213536e0_0, 0;
    %load/vec4 v0000024821351090_0;
    %pad/s 32;
    %cmpi/s 0, 0, 32;
    %flag_get/vec4 5;
    %load/vec4 v0000024821351c70_0;
    %cmpi/s 0, 0, 32;
    %flag_get/vec4 5;
    %xor;
    %assign/vec4 v0000024821353780_0, 0;
    %pushi/vec4 1, 0, 1;
    %assign/vec4 v0000024821354680_0, 0;
    %pushi/vec4 13, 0, 6;
    %assign/vec4 v0000024821352a30_0, 0;
    %jmp T_8.48;
T_8.37 ;
    %pushi/vec4 0, 0, 24;
    %load/vec4 v00000248213516d0_0;
    %pad/s 32;
    %store/vec4 v00000248212ad080_0, 0, 32;
    %callf/vec4 TD_tb_tang_nano_4k_top_compile.dut.u_bmp.abs24, S_000002482126e900;
    %concat/vec4; draw_concat_vec4
    %assign/vec4 v0000024821353fa0_0, 0;
    %load/vec4 v00000248213511d0_0;
    %ix/load 4, 12, 0;
    %flag_set/imm 4, 0;
    %shiftr/s 4;
    %store/vec4 v00000248212ad080_0, 0, 32;
    %callf/vec4 TD_tb_tang_nano_4k_top_compile.dut.u_bmp.abs24, S_000002482126e900;
    %assign/vec4 v0000024821353640_0, 0;
    %pushi/vec4 0, 0, 48;
    %assign/vec4 v0000024821354220_0, 0;
    %pushi/vec4 0, 0, 5;
    %assign/vec4 v00000248213536e0_0, 0;
    %load/vec4 v00000248213516d0_0;
    %pad/s 32;
    %cmpi/s 0, 0, 32;
    %flag_get/vec4 5;
    %assign/vec4 v0000024821353780_0, 0;
    %pushi/vec4 1, 0, 1;
    %assign/vec4 v0000024821354680_0, 0;
    %pushi/vec4 15, 0, 6;
    %assign/vec4 v0000024821352a30_0, 0;
    %jmp T_8.48;
T_8.38 ;
    %pushi/vec4 0, 0, 24;
    %load/vec4 v0000024821351630_0;
    %store/vec4 v00000248212adda0_0, 0, 16;
    %callf/vec4 TD_tb_tang_nano_4k_top_compile.dut.u_bmp.ux16, S_000002482126e590;
    %store/vec4 v00000248212ad080_0, 0, 32;
    %callf/vec4 TD_tb_tang_nano_4k_top_compile.dut.u_bmp.abs24, S_000002482126e900;
    %concat/vec4; draw_concat_vec4
    %assign/vec4 v0000024821353fa0_0, 0;
    %load/vec4 v00000248213530a0_0;
    %load/vec4 v0000024821354360_0;
    %add;
    %addi 2, 0, 32;
    %ix/load 4, 2, 0;
    %flag_set/imm 4, 0;
    %shiftr/s 4;
    %addi 32768, 0, 32;
    %store/vec4 v00000248212ad080_0, 0, 32;
    %callf/vec4 TD_tb_tang_nano_4k_top_compile.dut.u_bmp.abs24, S_000002482126e900;
    %assign/vec4 v0000024821353640_0, 0;
    %pushi/vec4 0, 0, 48;
    %assign/vec4 v0000024821354220_0, 0;
    %pushi/vec4 0, 0, 5;
    %assign/vec4 v00000248213536e0_0, 0;
    %pushi/vec4 0, 0, 1;
    %assign/vec4 v0000024821353780_0, 0;
    %pushi/vec4 1, 0, 1;
    %assign/vec4 v0000024821354680_0, 0;
    %pushi/vec4 17, 0, 6;
    %assign/vec4 v0000024821352a30_0, 0;
    %jmp T_8.48;
T_8.39 ;
    %pushi/vec4 0, 0, 24;
    %load/vec4 v0000024821353500_0;
    %concat/vec4; draw_concat_vec4
    %load/vec4 v0000024821352670_0;
    %pad/s 40;
    %sub;
    %store/vec4 v00000248212adbc0_0, 0, 40;
    %callf/vec4 TD_tb_tang_nano_4k_top_compile.dut.u_bmp.scale50000, S_000002482126be70;
    %assign/vec4 v0000024821351450_0, 0;
    %pushi/vec4 19, 0, 6;
    %assign/vec4 v0000024821352a30_0, 0;
    %jmp T_8.48;
T_8.40 ;
    %load/vec4 v00000248213519f0_0;
    %cmpi/e 0, 0, 32;
    %jmp/0xz  T_8.49, 4;
    %pushi/vec4 0, 0, 32;
    %assign/vec4 v0000024821353a00_0, 0;
    %pushi/vec4 22, 0, 6;
    %assign/vec4 v0000024821352a30_0, 0;
    %jmp T_8.50;
T_8.49 ;
    %load/vec4 v0000024821351450_0;
    %cmpi/s 2147483648, 0, 40;
    %jmp/0xz  T_8.51, 5;
    %load/vec4 v0000024821351450_0;
    %ix/load 4, 1, 0;
    %flag_set/imm 4, 0;
    %shiftl 4;
    %store/vec4 v00000248212ad940_0, 0, 40;
    %callf/vec4 TD_tb_tang_nano_4k_top_compile.dut.u_bmp.abs40, S_000002482126ea90;
    %assign/vec4 v00000248213520d0_0, 0;
    %pushi/vec4 0, 0, 1;
    %assign/vec4 v0000024821351310_0, 0;
    %jmp T_8.52;
T_8.51 ;
    %load/vec4 v0000024821351450_0;
    %store/vec4 v00000248212ad940_0, 0, 40;
    %callf/vec4 TD_tb_tang_nano_4k_top_compile.dut.u_bmp.abs40, S_000002482126ea90;
    %assign/vec4 v00000248213520d0_0, 0;
    %pushi/vec4 1, 0, 1;
    %assign/vec4 v0000024821351310_0, 0;
T_8.52 ;
    %load/vec4 v00000248213519f0_0;
    %pad/s 40;
    %store/vec4 v00000248212ad940_0, 0, 40;
    %callf/vec4 TD_tb_tang_nano_4k_top_compile.dut.u_bmp.abs40, S_000002482126ea90;
    %assign/vec4 v0000024821352cb0_0, 0;
    %pushi/vec4 0, 0, 40;
    %assign/vec4 v00000248213518b0_0, 0;
    %pushi/vec4 0, 0, 41;
    %assign/vec4 v00000248213547c0_0, 0;
    %pushi/vec4 0, 0, 6;
    %assign/vec4 v0000024821352ad0_0, 0;
    %load/vec4 v0000024821351450_0;
    %cmpi/s 0, 0, 40;
    %flag_get/vec4 5;
    %load/vec4 v00000248213519f0_0;
    %cmpi/s 0, 0, 32;
    %flag_get/vec4 5;
    %xor;
    %assign/vec4 v0000024821352350_0, 0;
    %pushi/vec4 0, 0, 1;
    %assign/vec4 v0000024821352f30_0, 0;
    %pushi/vec4 1, 0, 1;
    %assign/vec4 v0000024821351e50_0, 0;
    %pushi/vec4 20, 0, 6;
    %assign/vec4 v0000024821352a30_0, 0;
T_8.50 ;
    %jmp T_8.48;
T_8.41 ;
    %load/vec4 v0000024821354ae0_0;
    %parti/s 32, 0, 2;
    %assign/vec4 v0000024821353a00_0, 0;
    %pushi/vec4 22, 0, 6;
    %assign/vec4 v0000024821352a30_0, 0;
    %jmp T_8.48;
T_8.42 ;
    %pushi/vec4 0, 0, 24;
    %load/vec4 v0000024821353a00_0;
    %ix/load 4, 8, 0;
    %flag_set/imm 4, 0;
    %shiftr/s 4;
    %store/vec4 v00000248212ad080_0, 0, 32;
    %callf/vec4 TD_tb_tang_nano_4k_top_compile.dut.u_bmp.abs24, S_000002482126e900;
    %concat/vec4; draw_concat_vec4
    %assign/vec4 v0000024821353fa0_0, 0;
    %load/vec4 v0000024821353a00_0;
    %ix/load 4, 8, 0;
    %flag_set/imm 4, 0;
    %shiftr/s 4;
    %store/vec4 v00000248212ad080_0, 0, 32;
    %callf/vec4 TD_tb_tang_nano_4k_top_compile.dut.u_bmp.abs24, S_000002482126e900;
    %assign/vec4 v0000024821353640_0, 0;
    %pushi/vec4 0, 0, 48;
    %assign/vec4 v0000024821354220_0, 0;
    %pushi/vec4 0, 0, 5;
    %assign/vec4 v00000248213536e0_0, 0;
    %pushi/vec4 0, 0, 1;
    %assign/vec4 v0000024821353780_0, 0;
    %pushi/vec4 1, 0, 1;
    %assign/vec4 v0000024821354680_0, 0;
    %pushi/vec4 23, 0, 6;
    %assign/vec4 v0000024821352a30_0, 0;
    %jmp T_8.48;
T_8.43 ;
    %pushi/vec4 0, 0, 24;
    %load/vec4 v00000248213530a0_0;
    %store/vec4 v00000248212ad080_0, 0, 32;
    %callf/vec4 TD_tb_tang_nano_4k_top_compile.dut.u_bmp.abs24, S_000002482126e900;
    %concat/vec4; draw_concat_vec4
    %assign/vec4 v0000024821353fa0_0, 0;
    %pushi/vec4 3038, 0, 32;
    %store/vec4 v00000248212ad080_0, 0, 32;
    %callf/vec4 TD_tb_tang_nano_4k_top_compile.dut.u_bmp.abs24, S_000002482126e900;
    %assign/vec4 v0000024821353640_0, 0;
    %pushi/vec4 0, 0, 48;
    %assign/vec4 v0000024821354220_0, 0;
    %pushi/vec4 0, 0, 5;
    %assign/vec4 v00000248213536e0_0, 0;
    %load/vec4 v00000248213530a0_0;
    %cmpi/s 0, 0, 32;
    %flag_get/vec4 5;
    %assign/vec4 v0000024821353780_0, 0;
    %pushi/vec4 1, 0, 1;
    %assign/vec4 v0000024821354680_0, 0;
    %pushi/vec4 25, 0, 6;
    %assign/vec4 v0000024821352a30_0, 0;
    %jmp T_8.48;
T_8.44 ;
    %pushi/vec4 0, 0, 24;
    %load/vec4 v0000024821353a00_0;
    %store/vec4 v00000248212ad080_0, 0, 32;
    %callf/vec4 TD_tb_tang_nano_4k_top_compile.dut.u_bmp.abs24, S_000002482126e900;
    %concat/vec4; draw_concat_vec4
    %assign/vec4 v0000024821353fa0_0, 0;
    %pushi/vec4 4294959939, 0, 32;
    %store/vec4 v00000248212ad080_0, 0, 32;
    %callf/vec4 TD_tb_tang_nano_4k_top_compile.dut.u_bmp.abs24, S_000002482126e900;
    %assign/vec4 v0000024821353640_0, 0;
    %pushi/vec4 0, 0, 48;
    %assign/vec4 v0000024821354220_0, 0;
    %pushi/vec4 0, 0, 5;
    %assign/vec4 v00000248213536e0_0, 0;
    %load/vec4 v0000024821353a00_0;
    %cmpi/s 0, 0, 32;
    %flag_get/vec4 5;
    %pushi/vec4 1, 0, 1;
    %xor;
    %assign/vec4 v0000024821353780_0, 0;
    %pushi/vec4 1, 0, 1;
    %assign/vec4 v0000024821354680_0, 0;
    %pushi/vec4 27, 0, 6;
    %assign/vec4 v0000024821352a30_0, 0;
    %jmp T_8.48;
T_8.45 ;
    %load/vec4 v0000024821353a00_0;
    %load/vec4 v00000248213530a0_0;
    %load/vec4 v0000024821354360_0;
    %add;
    %addi 3791, 0, 32;
    %ix/load 4, 4, 0;
    %flag_set/imm 4, 0;
    %shiftr/s 4;
    %add;
    %assign/vec4 v0000024821353a00_0, 0;
    %pushi/vec4 29, 0, 6;
    %assign/vec4 v0000024821352a30_0, 0;
    %jmp T_8.48;
T_8.46 ;
    %load/vec4 v0000024821353a00_0;
    %assign/vec4 v0000024821353c80_0, 0;
    %load/vec4 v0000024821354ea0_0;
    %parti/s 16, 0, 2;
    %assign/vec4 v0000024821354180_0, 0;
    %pushi/vec4 1, 0, 1;
    %assign/vec4 v0000024821351770_0, 0;
    %pushi/vec4 1, 0, 1;
    %assign/vec4 v0000024821351270_0, 0;
    %pushi/vec4 1, 0, 3;
    %assign/vec4 v0000024821354cc0_0, 0;
    %pushi/vec4 0, 0, 3;
    %assign/vec4 v0000024821353be0_0, 0;
    %pushi/vec4 238, 0, 8;
    %assign/vec4 v00000248213542c0_0, 0;
    %pushi/vec4 7, 0, 4;
    %assign/vec4 v0000024821352850_0, 0;
    %pushi/vec4 0, 0, 2;
    %assign/vec4 v0000024821353b40_0, 0;
    %pushi/vec4 1, 0, 5;
    %assign/vec4 v00000248213540e0_0, 0;
    %pushi/vec4 0, 0, 6;
    %assign/vec4 v0000024821352a30_0, 0;
    %jmp T_8.48;
T_8.48 ;
    %pop/vec4 1;
T_8.23 ;
T_8.7 ;
    %jmp T_8.5;
T_8.4 ;
    %load/vec4 v00000248213540e0_0;
    %cmpi/e 7, 0, 5;
    %jmp/0xz  T_8.53, 4;
    %pushi/vec4 0, 0, 1;
    %assign/vec4 v0000024821354e00_0, 0;
    %pushi/vec4 0, 0, 1;
    %assign/vec4 v00000248213531e0_0, 0;
    %pushi/vec4 0, 0, 1;
    %assign/vec4 v0000024821354860_0, 0;
    %load/vec4 v0000024821353960_0;
    %pad/u 32;
    %load/vec4 v0000024821354cc0_0;
    %cmpi/e 1, 0, 3;
    %flag_mov 8, 4;
    %jmp/0 T_8.57, 8;
    %pushi/vec4 1, 0, 32;
    %jmp/1 T_8.58, 8;
T_8.57 ; End of true expr.
    %pushi/vec4 1, 0, 32;
    %jmp/0 T_8.58, 8;
 ; End of false expr.
    %blend;
T_8.58;
    %subi 1, 0, 32;
    %cmp/e;
    %jmp/0xz  T_8.55, 4;
    %pushi/vec4 0, 0, 1;
    %assign/vec4 v0000024821353960_0, 0;
    %load/vec4 v0000024821354cc0_0;
    %cmpi/e 1, 0, 3;
    %jmp/0xz  T_8.59, 4;
    %pushi/vec4 2, 0, 3;
    %assign/vec4 v0000024821354cc0_0, 0;
    %pushi/vec4 0, 0, 3;
    %assign/vec4 v0000024821353be0_0, 0;
    %pushi/vec4 2, 0, 6;
    %assign/vec4 v0000024821354d60_0, 0;
    %pushi/vec4 0, 0, 2;
    %assign/vec4 v0000024821353280_0, 0;
    %pushi/vec4 238, 0, 8;
    %assign/vec4 v00000248213542c0_0, 0;
    %pushi/vec4 7, 0, 4;
    %assign/vec4 v0000024821352850_0, 0;
    %pushi/vec4 0, 0, 2;
    %assign/vec4 v0000024821353b40_0, 0;
    %pushi/vec4 1, 0, 5;
    %assign/vec4 v00000248213540e0_0, 0;
    %jmp T_8.60;
T_8.59 ;
    %pushi/vec4 4, 0, 3;
    %assign/vec4 v0000024821354cc0_0, 0;
    %pushi/vec4 0, 0, 3;
    %assign/vec4 v0000024821353be0_0, 0;
    %pushi/vec4 2, 0, 6;
    %assign/vec4 v0000024821354d60_0, 0;
    %pushi/vec4 0, 0, 2;
    %assign/vec4 v0000024821353280_0, 0;
    %pushi/vec4 238, 0, 8;
    %assign/vec4 v00000248213542c0_0, 0;
    %pushi/vec4 7, 0, 4;
    %assign/vec4 v0000024821352850_0, 0;
    %pushi/vec4 0, 0, 2;
    %assign/vec4 v0000024821353b40_0, 0;
    %pushi/vec4 1, 0, 5;
    %assign/vec4 v00000248213540e0_0, 0;
T_8.60 ;
    %jmp T_8.56;
T_8.55 ;
    %load/vec4 v0000024821353960_0;
    %addi 1, 0, 1;
    %assign/vec4 v0000024821353960_0, 0;
T_8.56 ;
    %jmp T_8.54;
T_8.53 ;
    %load/vec4 v0000024821353f00_0;
    %flag_set/vec4 8;
    %jmp/0xz  T_8.61, 8;
    %pushi/vec4 0, 0, 1;
    %assign/vec4 v0000024821354860_0, 0;
    %load/vec4 v00000248213540e0_0;
    %dup/vec4;
    %pushi/vec4 0, 0, 5;
    %cmp/u;
    %jmp/1 T_8.63, 6;
    %dup/vec4;
    %pushi/vec4 1, 0, 5;
    %cmp/u;
    %jmp/1 T_8.64, 6;
    %dup/vec4;
    %pushi/vec4 2, 0, 5;
    %cmp/u;
    %jmp/1 T_8.65, 6;
    %dup/vec4;
    %pushi/vec4 3, 0, 5;
    %cmp/u;
    %jmp/1 T_8.66, 6;
    %dup/vec4;
    %pushi/vec4 4, 0, 5;
    %cmp/u;
    %jmp/1 T_8.67, 6;
    %dup/vec4;
    %pushi/vec4 5, 0, 5;
    %cmp/u;
    %jmp/1 T_8.68, 6;
    %dup/vec4;
    %pushi/vec4 6, 0, 5;
    %cmp/u;
    %jmp/1 T_8.69, 6;
    %pushi/vec4 0, 0, 5;
    %assign/vec4 v00000248213540e0_0, 0;
    %jmp T_8.71;
T_8.63 ;
    %pushi/vec4 0, 0, 3;
    %assign/vec4 v0000024821354cc0_0, 0;
    %pushi/vec4 0, 0, 3;
    %assign/vec4 v0000024821353be0_0, 0;
    %pushi/vec4 238, 0, 8;
    %assign/vec4 v00000248213542c0_0, 0;
    %pushi/vec4 7, 0, 4;
    %assign/vec4 v0000024821352850_0, 0;
    %pushi/vec4 0, 0, 2;
    %assign/vec4 v0000024821353b40_0, 0;
    %pushi/vec4 22, 0, 6;
    %assign/vec4 v0000024821354d60_0, 0;
    %pushi/vec4 0, 0, 5;
    %assign/vec4 v0000024821352990_0, 0;
    %pushi/vec4 1, 0, 5;
    %assign/vec4 v00000248213540e0_0, 0;
    %jmp T_8.71;
T_8.64 ;
    %load/vec4 v0000024821353b40_0;
    %dup/vec4;
    %pushi/vec4 0, 0, 2;
    %cmp/u;
    %jmp/1 T_8.72, 6;
    %dup/vec4;
    %pushi/vec4 1, 0, 2;
    %cmp/u;
    %jmp/1 T_8.73, 6;
    %dup/vec4;
    %pushi/vec4 2, 0, 2;
    %cmp/u;
    %jmp/1 T_8.74, 6;
    %pushi/vec4 0, 0, 2;
    %assign/vec4 v0000024821353b40_0, 0;
    %pushi/vec4 2, 0, 5;
    %assign/vec4 v00000248213540e0_0, 0;
    %jmp T_8.76;
T_8.72 ;
    %pushi/vec4 0, 0, 1;
    %assign/vec4 v0000024821354e00_0, 0;
    %pushi/vec4 0, 0, 1;
    %assign/vec4 v00000248213531e0_0, 0;
    %pushi/vec4 1, 0, 2;
    %assign/vec4 v0000024821353b40_0, 0;
    %jmp T_8.76;
T_8.73 ;
    %pushi/vec4 1, 0, 1;
    %assign/vec4 v0000024821354e00_0, 0;
    %pushi/vec4 0, 0, 1;
    %assign/vec4 v00000248213531e0_0, 0;
    %pushi/vec4 2, 0, 2;
    %assign/vec4 v0000024821353b40_0, 0;
    %jmp T_8.76;
T_8.74 ;
    %pushi/vec4 1, 0, 1;
    %assign/vec4 v0000024821354e00_0, 0;
    %pushi/vec4 1, 0, 1;
    %assign/vec4 v00000248213531e0_0, 0;
    %pushi/vec4 3, 0, 2;
    %assign/vec4 v0000024821353b40_0, 0;
    %jmp T_8.76;
T_8.76 ;
    %pop/vec4 1;
    %jmp T_8.71;
T_8.65 ;
    %load/vec4 v0000024821353b40_0;
    %dup/vec4;
    %pushi/vec4 0, 0, 2;
    %cmp/u;
    %jmp/1 T_8.77, 6;
    %dup/vec4;
    %pushi/vec4 1, 0, 2;
    %cmp/u;
    %jmp/1 T_8.78, 6;
    %dup/vec4;
    %pushi/vec4 2, 0, 2;
    %cmp/u;
    %jmp/1 T_8.79, 6;
    %pushi/vec4 1, 0, 1;
    %assign/vec4 v00000248213531e0_0, 0;
    %pushi/vec4 0, 0, 2;
    %assign/vec4 v0000024821353b40_0, 0;
    %load/vec4 v0000024821352850_0;
    %pad/u 32;
    %cmpi/e 0, 0, 32;
    %jmp/0xz  T_8.82, 4;
    %pushi/vec4 3, 0, 5;
    %assign/vec4 v00000248213540e0_0, 0;
    %jmp T_8.83;
T_8.82 ;
    %load/vec4 v0000024821352850_0;
    %subi 1, 0, 4;
    %assign/vec4 v0000024821352850_0, 0;
T_8.83 ;
    %jmp T_8.81;
T_8.77 ;
    %load/vec4 v00000248213542c0_0;
    %load/vec4 v0000024821352850_0;
    %part/u 1;
    %inv;
    %assign/vec4 v0000024821354e00_0, 0;
    %pushi/vec4 1, 0, 1;
    %assign/vec4 v00000248213531e0_0, 0;
    %pushi/vec4 1, 0, 2;
    %assign/vec4 v0000024821353b40_0, 0;
    %jmp T_8.81;
T_8.78 ;
    %pushi/vec4 0, 0, 1;
    %assign/vec4 v00000248213531e0_0, 0;
    %pushi/vec4 2, 0, 2;
    %assign/vec4 v0000024821353b40_0, 0;
    %jmp T_8.81;
T_8.79 ;
    %pushi/vec4 0, 0, 1;
    %assign/vec4 v00000248213531e0_0, 0;
    %pushi/vec4 3, 0, 2;
    %assign/vec4 v0000024821353b40_0, 0;
    %jmp T_8.81;
T_8.81 ;
    %pop/vec4 1;
    %jmp T_8.71;
T_8.66 ;
    %load/vec4 v0000024821353b40_0;
    %dup/vec4;
    %pushi/vec4 0, 0, 2;
    %cmp/u;
    %jmp/1 T_8.84, 6;
    %dup/vec4;
    %pushi/vec4 1, 0, 2;
    %cmp/u;
    %jmp/1 T_8.85, 6;
    %dup/vec4;
    %pushi/vec4 2, 0, 2;
    %cmp/u;
    %jmp/1 T_8.86, 6;
    %pushi/vec4 1, 0, 1;
    %assign/vec4 v00000248213531e0_0, 0;
    %pushi/vec4 0, 0, 2;
    %assign/vec4 v0000024821353b40_0, 0;
    %load/vec4 v0000024821352df0_0;
    %nor/r;
    %flag_set/vec4 9;
    %flag_get/vec4 9;
    %jmp/0 T_8.91, 9;
    %load/vec4 v0000024821351ef0_0;
    %pushi/vec4 0, 0, 1;
    %cmp/e;
    %flag_get/vec4 6;
    %nor/r;
    %and;
T_8.91;
    %flag_set/vec4 8;
    %jmp/0xz  T_8.89, 8;
    %pushi/vec4 1, 0, 1;
    %assign/vec4 v0000024821353dc0_0, 0;
    %pushi/vec4 6, 0, 5;
    %assign/vec4 v00000248213540e0_0, 0;
    %jmp T_8.90;
T_8.89 ;
    %load/vec4 v0000024821354cc0_0;
    %dup/vec4;
    %pushi/vec4 0, 0, 3;
    %cmp/u;
    %jmp/1 T_8.92, 6;
    %dup/vec4;
    %pushi/vec4 1, 0, 3;
    %cmp/u;
    %jmp/1 T_8.93, 6;
    %dup/vec4;
    %pushi/vec4 2, 0, 3;
    %cmp/u;
    %jmp/1 T_8.94, 6;
    %dup/vec4;
    %pushi/vec4 3, 0, 3;
    %cmp/u;
    %jmp/1 T_8.95, 6;
    %load/vec4 v0000024821353be0_0;
    %pad/u 32;
    %cmpi/e 0, 0, 32;
    %jmp/0xz  T_8.98, 4;
    %pushi/vec4 246, 0, 8;
    %assign/vec4 v00000248213542c0_0, 0;
    %pushi/vec4 7, 0, 4;
    %assign/vec4 v0000024821352850_0, 0;
    %pushi/vec4 1, 0, 3;
    %assign/vec4 v0000024821353be0_0, 0;
    %pushi/vec4 2, 0, 5;
    %assign/vec4 v00000248213540e0_0, 0;
    %jmp T_8.99;
T_8.98 ;
    %load/vec4 v0000024821353be0_0;
    %pad/u 32;
    %cmpi/e 1, 0, 32;
    %jmp/0xz  T_8.100, 4;
    %pushi/vec4 239, 0, 8;
    %assign/vec4 v00000248213542c0_0, 0;
    %pushi/vec4 7, 0, 4;
    %assign/vec4 v0000024821352850_0, 0;
    %pushi/vec4 2, 0, 3;
    %assign/vec4 v0000024821353be0_0, 0;
    %pushi/vec4 1, 0, 5;
    %assign/vec4 v00000248213540e0_0, 0;
    %jmp T_8.101;
T_8.100 ;
    %pushi/vec4 7, 0, 4;
    %assign/vec4 v0000024821352850_0, 0;
    %pushi/vec4 0, 0, 8;
    %assign/vec4 v0000024821353140_0, 0;
    %pushi/vec4 4, 0, 5;
    %assign/vec4 v00000248213540e0_0, 0;
T_8.101 ;
T_8.99 ;
    %jmp T_8.97;
T_8.92 ;
    %load/vec4 v0000024821353be0_0;
    %pad/u 32;
    %cmpi/e 0, 0, 32;
    %jmp/0xz  T_8.102, 4;
    %pushi/vec4 170, 0, 8;
    %assign/vec4 v00000248213542c0_0, 0;
    %pushi/vec4 7, 0, 4;
    %assign/vec4 v0000024821352850_0, 0;
    %pushi/vec4 1, 0, 3;
    %assign/vec4 v0000024821353be0_0, 0;
    %pushi/vec4 2, 0, 5;
    %assign/vec4 v00000248213540e0_0, 0;
    %jmp T_8.103;
T_8.102 ;
    %load/vec4 v0000024821353be0_0;
    %pad/u 32;
    %cmpi/e 1, 0, 32;
    %jmp/0xz  T_8.104, 4;
    %pushi/vec4 239, 0, 8;
    %assign/vec4 v00000248213542c0_0, 0;
    %pushi/vec4 7, 0, 4;
    %assign/vec4 v0000024821352850_0, 0;
    %pushi/vec4 2, 0, 3;
    %assign/vec4 v0000024821353be0_0, 0;
    %pushi/vec4 1, 0, 5;
    %assign/vec4 v00000248213540e0_0, 0;
    %jmp T_8.105;
T_8.104 ;
    %pushi/vec4 7, 0, 4;
    %assign/vec4 v0000024821352850_0, 0;
    %pushi/vec4 0, 0, 8;
    %assign/vec4 v0000024821353140_0, 0;
    %pushi/vec4 4, 0, 5;
    %assign/vec4 v00000248213540e0_0, 0;
T_8.105 ;
T_8.103 ;
    %jmp T_8.97;
T_8.93 ;
    %load/vec4 v0000024821353be0_0;
    %pad/u 32;
    %cmpi/e 0, 0, 32;
    %jmp/0xz  T_8.106, 4;
    %pushi/vec4 244, 0, 8;
    %assign/vec4 v00000248213542c0_0, 0;
    %pushi/vec4 7, 0, 4;
    %assign/vec4 v0000024821352850_0, 0;
    %pushi/vec4 1, 0, 3;
    %assign/vec4 v0000024821353be0_0, 0;
    %pushi/vec4 2, 0, 5;
    %assign/vec4 v00000248213540e0_0, 0;
    %jmp T_8.107;
T_8.106 ;
    %load/vec4 v0000024821353be0_0;
    %pad/u 32;
    %cmpi/e 1, 0, 32;
    %jmp/0xz  T_8.108, 4;
    %pushi/vec4 46, 0, 8;
    %assign/vec4 v00000248213542c0_0, 0;
    %pushi/vec4 7, 0, 4;
    %assign/vec4 v0000024821352850_0, 0;
    %pushi/vec4 2, 0, 3;
    %assign/vec4 v0000024821353be0_0, 0;
    %pushi/vec4 2, 0, 5;
    %assign/vec4 v00000248213540e0_0, 0;
    %jmp T_8.109;
T_8.108 ;
    %pushi/vec4 6, 0, 5;
    %assign/vec4 v00000248213540e0_0, 0;
T_8.109 ;
T_8.107 ;
    %jmp T_8.97;
T_8.94 ;
    %load/vec4 v0000024821353be0_0;
    %pad/u 32;
    %cmpi/e 0, 0, 32;
    %jmp/0xz  T_8.110, 4;
    %pushi/vec4 246, 0, 8;
    %assign/vec4 v00000248213542c0_0, 0;
    %pushi/vec4 7, 0, 4;
    %assign/vec4 v0000024821352850_0, 0;
    %pushi/vec4 1, 0, 3;
    %assign/vec4 v0000024821353be0_0, 0;
    %pushi/vec4 2, 0, 5;
    %assign/vec4 v00000248213540e0_0, 0;
    %jmp T_8.111;
T_8.110 ;
    %load/vec4 v0000024821353be0_0;
    %pad/u 32;
    %cmpi/e 1, 0, 32;
    %jmp/0xz  T_8.112, 4;
    %pushi/vec4 239, 0, 8;
    %assign/vec4 v00000248213542c0_0, 0;
    %pushi/vec4 7, 0, 4;
    %assign/vec4 v0000024821352850_0, 0;
    %pushi/vec4 2, 0, 3;
    %assign/vec4 v0000024821353be0_0, 0;
    %pushi/vec4 1, 0, 5;
    %assign/vec4 v00000248213540e0_0, 0;
    %jmp T_8.113;
T_8.112 ;
    %pushi/vec4 7, 0, 4;
    %assign/vec4 v0000024821352850_0, 0;
    %pushi/vec4 0, 0, 8;
    %assign/vec4 v0000024821353140_0, 0;
    %pushi/vec4 4, 0, 5;
    %assign/vec4 v00000248213540e0_0, 0;
T_8.113 ;
T_8.111 ;
    %jmp T_8.97;
T_8.95 ;
    %load/vec4 v0000024821353be0_0;
    %pad/u 32;
    %cmpi/e 0, 0, 32;
    %jmp/0xz  T_8.114, 4;
    %pushi/vec4 244, 0, 8;
    %assign/vec4 v00000248213542c0_0, 0;
    %pushi/vec4 7, 0, 4;
    %assign/vec4 v0000024821352850_0, 0;
    %pushi/vec4 1, 0, 3;
    %assign/vec4 v0000024821353be0_0, 0;
    %pushi/vec4 2, 0, 5;
    %assign/vec4 v00000248213540e0_0, 0;
    %jmp T_8.115;
T_8.114 ;
    %load/vec4 v0000024821353be0_0;
    %pad/u 32;
    %cmpi/e 1, 0, 32;
    %jmp/0xz  T_8.116, 4;
    %pushi/vec4 52, 0, 8;
    %assign/vec4 v00000248213542c0_0, 0;
    %pushi/vec4 7, 0, 4;
    %assign/vec4 v0000024821352850_0, 0;
    %pushi/vec4 2, 0, 3;
    %assign/vec4 v0000024821353be0_0, 0;
    %pushi/vec4 2, 0, 5;
    %assign/vec4 v00000248213540e0_0, 0;
    %jmp T_8.117;
T_8.116 ;
    %pushi/vec4 6, 0, 5;
    %assign/vec4 v00000248213540e0_0, 0;
T_8.117 ;
T_8.115 ;
    %jmp T_8.97;
T_8.97 ;
    %pop/vec4 1;
T_8.90 ;
    %jmp T_8.88;
T_8.84 ;
    %pushi/vec4 0, 0, 1;
    %assign/vec4 v0000024821354e00_0, 0;
    %pushi/vec4 1, 0, 1;
    %assign/vec4 v00000248213531e0_0, 0;
    %pushi/vec4 1, 0, 2;
    %assign/vec4 v0000024821353b40_0, 0;
    %jmp T_8.88;
T_8.85 ;
    %pushi/vec4 0, 0, 1;
    %assign/vec4 v00000248213531e0_0, 0;
    %pushi/vec4 2, 0, 2;
    %assign/vec4 v0000024821353b40_0, 0;
    %jmp T_8.88;
T_8.86 ;
    %load/vec4 v0000024821351ef0_0;
    %pushi/vec4 0, 0, 1;
    %cmp/e;
    %flag_get/vec4 6;
    %assign/vec4 v0000024821352df0_0, 0;
    %pushi/vec4 3, 0, 2;
    %assign/vec4 v0000024821353b40_0, 0;
    %jmp T_8.88;
T_8.88 ;
    %pop/vec4 1;
    %jmp T_8.71;
T_8.67 ;
    %load/vec4 v0000024821353b40_0;
    %dup/vec4;
    %pushi/vec4 0, 0, 2;
    %cmp/u;
    %jmp/1 T_8.118, 6;
    %dup/vec4;
    %pushi/vec4 1, 0, 2;
    %cmp/u;
    %jmp/1 T_8.119, 6;
    %dup/vec4;
    %pushi/vec4 2, 0, 2;
    %cmp/u;
    %jmp/1 T_8.120, 6;
    %pushi/vec4 1, 0, 1;
    %assign/vec4 v00000248213531e0_0, 0;
    %pushi/vec4 0, 0, 2;
    %assign/vec4 v0000024821353b40_0, 0;
    %load/vec4 v0000024821352850_0;
    %pad/u 32;
    %cmpi/e 0, 0, 32;
    %jmp/0xz  T_8.123, 4;
    %pushi/vec4 5, 0, 5;
    %assign/vec4 v00000248213540e0_0, 0;
    %jmp T_8.124;
T_8.123 ;
    %load/vec4 v0000024821352850_0;
    %subi 1, 0, 4;
    %assign/vec4 v0000024821352850_0, 0;
T_8.124 ;
    %jmp T_8.122;
T_8.118 ;
    %pushi/vec4 0, 0, 1;
    %assign/vec4 v0000024821354e00_0, 0;
    %pushi/vec4 1, 0, 1;
    %assign/vec4 v00000248213531e0_0, 0;
    %pushi/vec4 1, 0, 2;
    %assign/vec4 v0000024821353b40_0, 0;
    %jmp T_8.122;
T_8.119 ;
    %pushi/vec4 0, 0, 1;
    %assign/vec4 v00000248213531e0_0, 0;
    %pushi/vec4 2, 0, 2;
    %assign/vec4 v0000024821353b40_0, 0;
    %jmp T_8.122;
T_8.120 ;
    %load/vec4 v0000024821351ef0_0;
    %ix/load 5, 0, 0;
    %ix/getv 4, v0000024821352850_0;
    %assign/vec4/off/d v0000024821353140_0, 4, 5;
    %pushi/vec4 3, 0, 2;
    %assign/vec4 v0000024821353b40_0, 0;
    %jmp T_8.122;
T_8.122 ;
    %pop/vec4 1;
    %jmp T_8.71;
T_8.68 ;
    %load/vec4 v0000024821353b40_0;
    %dup/vec4;
    %pushi/vec4 0, 0, 2;
    %cmp/u;
    %jmp/1 T_8.125, 6;
    %dup/vec4;
    %pushi/vec4 1, 0, 2;
    %cmp/u;
    %jmp/1 T_8.126, 6;
    %dup/vec4;
    %pushi/vec4 2, 0, 2;
    %cmp/u;
    %jmp/1 T_8.127, 6;
    %pushi/vec4 1, 0, 1;
    %assign/vec4 v00000248213531e0_0, 0;
    %pushi/vec4 0, 0, 2;
    %assign/vec4 v0000024821353b40_0, 0;
    %load/vec4 v0000024821354cc0_0;
    %cmpi/e 0, 0, 3;
    %jmp/0xz  T_8.130, 4;
    %load/vec4 v0000024821353140_0;
    %load/vec4 v0000024821352990_0;
    %pad/u 6;
    %ix/vec4 3;
    %ix/load 4, 0, 0; Constant delay
    %assign/vec4/a/d v0000024821352030, 0, 4;
    %load/vec4 v0000024821352990_0;
    %addi 1, 0, 5;
    %assign/vec4 v0000024821352990_0, 0;
    %jmp T_8.131;
T_8.130 ;
    %load/vec4 v0000024821353280_0;
    %pad/u 32;
    %cmpi/e 0, 0, 32;
    %jmp/0xz  T_8.132, 4;
    %load/vec4 v0000024821353140_0;
    %assign/vec4 v0000024821353aa0_0, 0;
    %jmp T_8.133;
T_8.132 ;
    %load/vec4 v0000024821353140_0;
    %assign/vec4 v0000024821353460_0, 0;
T_8.133 ;
    %load/vec4 v0000024821353280_0;
    %addi 1, 0, 2;
    %assign/vec4 v0000024821353280_0, 0;
T_8.131 ;
    %load/vec4 v0000024821354d60_0;
    %pad/u 32;
    %cmpi/u 1, 0, 32;
    %flag_or 5, 4; GT is !LE
    %flag_inv 5;
    %jmp/0xz  T_8.134, 5;
    %load/vec4 v0000024821354d60_0;
    %subi 1, 0, 6;
    %assign/vec4 v0000024821354d60_0, 0;
    %pushi/vec4 0, 0, 8;
    %assign/vec4 v0000024821353140_0, 0;
    %pushi/vec4 7, 0, 4;
    %assign/vec4 v0000024821352850_0, 0;
    %pushi/vec4 4, 0, 5;
    %assign/vec4 v00000248213540e0_0, 0;
    %jmp T_8.135;
T_8.134 ;
    %pushi/vec4 6, 0, 5;
    %assign/vec4 v00000248213540e0_0, 0;
T_8.135 ;
    %jmp T_8.129;
T_8.125 ;
    %load/vec4 v0000024821354d60_0;
    %pad/u 32;
    %pushi/vec4 1, 0, 32;
    %cmp/ne;
    %flag_get/vec4 4;
    %assign/vec4 v0000024821354e00_0, 0;
    %pushi/vec4 1, 0, 1;
    %assign/vec4 v00000248213531e0_0, 0;
    %pushi/vec4 1, 0, 2;
    %assign/vec4 v0000024821353b40_0, 0;
    %jmp T_8.129;
T_8.126 ;
    %pushi/vec4 0, 0, 1;
    %assign/vec4 v00000248213531e0_0, 0;
    %pushi/vec4 2, 0, 2;
    %assign/vec4 v0000024821353b40_0, 0;
    %jmp T_8.129;
T_8.127 ;
    %pushi/vec4 3, 0, 2;
    %assign/vec4 v0000024821353b40_0, 0;
    %jmp T_8.129;
T_8.129 ;
    %pop/vec4 1;
    %jmp T_8.71;
T_8.69 ;
    %load/vec4 v0000024821353b40_0;
    %dup/vec4;
    %pushi/vec4 0, 0, 2;
    %cmp/u;
    %jmp/1 T_8.136, 6;
    %dup/vec4;
    %pushi/vec4 1, 0, 2;
    %cmp/u;
    %jmp/1 T_8.137, 6;
    %dup/vec4;
    %pushi/vec4 2, 0, 2;
    %cmp/u;
    %jmp/1 T_8.138, 6;
    %pushi/vec4 0, 0, 2;
    %assign/vec4 v0000024821353b40_0, 0;
    %load/vec4 v0000024821353dc0_0;
    %flag_set/vec4 8;
    %jmp/0xz  T_8.141, 8;
    %pushi/vec4 0, 0, 1;
    %assign/vec4 v0000024821351270_0, 0;
    %pushi/vec4 0, 0, 5;
    %assign/vec4 v00000248213540e0_0, 0;
    %jmp T_8.142;
T_8.141 ;
    %load/vec4 v0000024821354cc0_0;
    %cmpi/e 0, 0, 3;
    %jmp/0xz  T_8.143, 4;
    %ix/load 4, 0, 0;
    %flag_set/imm 4, 0;
    %load/vec4a v0000024821352030, 4;
    %ix/load 4, 1, 0;
    %flag_set/imm 4, 0;
    %load/vec4a v0000024821352030, 4;
    %concat/vec4; draw_concat_vec4
    %assign/vec4 v00000248213513b0_0, 0;
    %ix/load 4, 2, 0;
    %flag_set/imm 4, 0;
    %load/vec4a v0000024821352030, 4;
    %ix/load 4, 3, 0;
    %flag_set/imm 4, 0;
    %load/vec4a v0000024821352030, 4;
    %concat/vec4; draw_concat_vec4
    %assign/vec4 v0000024821352170_0, 0;
    %ix/load 4, 4, 0;
    %flag_set/imm 4, 0;
    %load/vec4a v0000024821352030, 4;
    %ix/load 4, 5, 0;
    %flag_set/imm 4, 0;
    %load/vec4a v0000024821352030, 4;
    %concat/vec4; draw_concat_vec4
    %assign/vec4 v0000024821351090_0, 0;
    %ix/load 4, 6, 0;
    %flag_set/imm 4, 0;
    %load/vec4a v0000024821352030, 4;
    %ix/load 4, 7, 0;
    %flag_set/imm 4, 0;
    %load/vec4a v0000024821352030, 4;
    %concat/vec4; draw_concat_vec4
    %assign/vec4 v0000024821351630_0, 0;
    %ix/load 4, 8, 0;
    %flag_set/imm 4, 0;
    %load/vec4a v0000024821352030, 4;
    %ix/load 4, 9, 0;
    %flag_set/imm 4, 0;
    %load/vec4a v0000024821352030, 4;
    %concat/vec4; draw_concat_vec4
    %assign/vec4 v00000248213528f0_0, 0;
    %ix/load 4, 10, 0;
    %flag_set/imm 4, 0;
    %load/vec4a v0000024821352030, 4;
    %ix/load 4, 11, 0;
    %flag_set/imm 4, 0;
    %load/vec4a v0000024821352030, 4;
    %concat/vec4; draw_concat_vec4
    %assign/vec4 v0000024821351d10_0, 0;
    %ix/load 4, 12, 0;
    %flag_set/imm 4, 0;
    %load/vec4a v0000024821352030, 4;
    %ix/load 4, 13, 0;
    %flag_set/imm 4, 0;
    %load/vec4a v0000024821352030, 4;
    %concat/vec4; draw_concat_vec4
    %assign/vec4 v00000248213516d0_0, 0;
    %ix/load 4, 14, 0;
    %flag_set/imm 4, 0;
    %load/vec4a v0000024821352030, 4;
    %ix/load 4, 15, 0;
    %flag_set/imm 4, 0;
    %load/vec4a v0000024821352030, 4;
    %concat/vec4; draw_concat_vec4
    %assign/vec4 v0000024821351130_0, 0;
    %ix/load 4, 16, 0;
    %flag_set/imm 4, 0;
    %load/vec4a v0000024821352030, 4;
    %ix/load 4, 17, 0;
    %flag_set/imm 4, 0;
    %load/vec4a v0000024821352030, 4;
    %concat/vec4; draw_concat_vec4
    %assign/vec4 v0000024821354720_0, 0;
    %ix/load 4, 18, 0;
    %flag_set/imm 4, 0;
    %load/vec4a v0000024821352030, 4;
    %ix/load 4, 19, 0;
    %flag_set/imm 4, 0;
    %load/vec4a v0000024821352030, 4;
    %concat/vec4; draw_concat_vec4
    %assign/vec4 v0000024821354b80_0, 0;
    %ix/load 4, 20, 0;
    %flag_set/imm 4, 0;
    %load/vec4a v0000024821352030, 4;
    %ix/load 4, 21, 0;
    %flag_set/imm 4, 0;
    %load/vec4a v0000024821352030, 4;
    %concat/vec4; draw_concat_vec4
    %assign/vec4 v00000248213535a0_0, 0;
    %pushi/vec4 1, 0, 3;
    %assign/vec4 v0000024821354cc0_0, 0;
    %pushi/vec4 0, 0, 3;
    %assign/vec4 v0000024821353be0_0, 0;
    %pushi/vec4 238, 0, 8;
    %assign/vec4 v00000248213542c0_0, 0;
    %pushi/vec4 7, 0, 4;
    %assign/vec4 v0000024821352850_0, 0;
    %pushi/vec4 1, 0, 5;
    %assign/vec4 v00000248213540e0_0, 0;
    %jmp T_8.144;
T_8.143 ;
    %load/vec4 v0000024821354cc0_0;
    %cmpi/e 1, 0, 3;
    %jmp/1 T_8.147, 4;
    %flag_mov 8, 4;
    %load/vec4 v0000024821354cc0_0;
    %cmpi/e 3, 0, 3;
    %flag_or 4, 8;
T_8.147;
    %jmp/0xz  T_8.145, 4;
    %pushi/vec4 0, 0, 1;
    %assign/vec4 v0000024821353960_0, 0;
    %pushi/vec4 7, 0, 5;
    %assign/vec4 v00000248213540e0_0, 0;
    %jmp T_8.146;
T_8.145 ;
    %load/vec4 v0000024821354cc0_0;
    %cmpi/e 2, 0, 3;
    %jmp/0xz  T_8.148, 4;
    %load/vec4 v0000024821353aa0_0;
    %load/vec4 v0000024821353460_0;
    %concat/vec4; draw_concat_vec4
    %assign/vec4 v0000024821354f40_0, 0;
    %pushi/vec4 3, 0, 3;
    %assign/vec4 v0000024821354cc0_0, 0;
    %pushi/vec4 0, 0, 3;
    %assign/vec4 v0000024821353be0_0, 0;
    %pushi/vec4 238, 0, 8;
    %assign/vec4 v00000248213542c0_0, 0;
    %pushi/vec4 7, 0, 4;
    %assign/vec4 v0000024821352850_0, 0;
    %pushi/vec4 1, 0, 5;
    %assign/vec4 v00000248213540e0_0, 0;
    %jmp T_8.149;
T_8.148 ;
    %load/vec4 v0000024821353aa0_0;
    %load/vec4 v0000024821353460_0;
    %concat/vec4; draw_concat_vec4
    %assign/vec4 v0000024821353500_0, 0;
    %pushi/vec4 1, 0, 6;
    %assign/vec4 v0000024821352a30_0, 0;
    %pushi/vec4 8, 0, 5;
    %assign/vec4 v00000248213540e0_0, 0;
T_8.149 ;
T_8.146 ;
T_8.144 ;
T_8.142 ;
    %jmp T_8.140;
T_8.136 ;
    %pushi/vec4 1, 0, 1;
    %assign/vec4 v0000024821354e00_0, 0;
    %pushi/vec4 1, 0, 1;
    %assign/vec4 v00000248213531e0_0, 0;
    %pushi/vec4 1, 0, 2;
    %assign/vec4 v0000024821353b40_0, 0;
    %jmp T_8.140;
T_8.137 ;
    %pushi/vec4 0, 0, 1;
    %assign/vec4 v00000248213531e0_0, 0;
    %pushi/vec4 2, 0, 2;
    %assign/vec4 v0000024821353b40_0, 0;
    %jmp T_8.140;
T_8.138 ;
    %pushi/vec4 0, 0, 1;
    %assign/vec4 v0000024821354e00_0, 0;
    %pushi/vec4 0, 0, 1;
    %assign/vec4 v00000248213531e0_0, 0;
    %pushi/vec4 3, 0, 2;
    %assign/vec4 v0000024821353b40_0, 0;
    %jmp T_8.140;
T_8.140 ;
    %pop/vec4 1;
    %jmp T_8.71;
T_8.71 ;
    %pop/vec4 1;
    %jmp T_8.62;
T_8.61 ;
    %load/vec4 v0000024821354860_0;
    %addi 1, 0, 1;
    %assign/vec4 v0000024821354860_0, 0;
T_8.62 ;
T_8.54 ;
T_8.5 ;
T_8.1 ;
    %jmp T_8;
    .thread T_8;
    .scope S_000002482124ebf0;
T_9 ;
    %wait E_00000248212e2b70;
    %load/vec4 v00000248213556f0_0;
    %nor/r;
    %flag_set/vec4 8;
    %jmp/0xz  T_9.0, 8;
    %pushi/vec4 0, 0, 1;
    %assign/vec4 v00000248213558d0_0, 0;
    %pushi/vec4 0, 0, 1;
    %assign/vec4 v0000024821356050_0, 0;
    %pushi/vec4 0, 0, 1;
    %assign/vec4 v0000024821355c90_0, 0;
    %pushi/vec4 0, 0, 1;
    %assign/vec4 v00000248213567d0_0, 0;
    %pushi/vec4 0, 0, 1;
    %assign/vec4 v0000024821356eb0_0, 0;
    %pushi/vec4 1, 0, 1;
    %assign/vec4 v0000024821356550_0, 0;
    %pushi/vec4 1, 0, 1;
    %assign/vec4 v0000024821356690_0, 0;
    %pushi/vec4 1, 0, 1;
    %assign/vec4 v00000248213565f0_0, 0;
    %pushi/vec4 0, 0, 112;
    %assign/vec4 v0000024821355b50_0, 0;
    %pushi/vec4 0, 0, 112;
    %assign/vec4 v0000024821355790_0, 0;
    %pushi/vec4 0, 0, 8;
    %assign/vec4 v0000024821356870_0, 0;
    %pushi/vec4 0, 0, 1;
    %assign/vec4 v0000024821355650_0, 0;
    %pushi/vec4 0, 0, 1;
    %assign/vec4 v00000248213553d0_0, 0;
    %pushi/vec4 0, 0, 8;
    %assign/vec4 v0000024821356730_0, 0;
    %jmp T_9.1;
T_9.0 ;
    %load/vec4 v0000024821355f10_0;
    %assign/vec4 v00000248213558d0_0, 0;
    %load/vec4 v00000248213558d0_0;
    %assign/vec4 v0000024821356050_0, 0;
    %load/vec4 v0000024821356050_0;
    %assign/vec4 v0000024821355c90_0, 0;
    %load/vec4 v0000024821356e10_0;
    %assign/vec4 v00000248213567d0_0, 0;
    %load/vec4 v00000248213567d0_0;
    %assign/vec4 v0000024821356eb0_0, 0;
    %load/vec4 v00000248213551f0_0;
    %assign/vec4 v0000024821356550_0, 0;
    %load/vec4 v0000024821356550_0;
    %assign/vec4 v0000024821356690_0, 0;
    %load/vec4 v0000024821356690_0;
    %assign/vec4 v00000248213565f0_0, 0;
    %pushi/vec4 0, 0, 1;
    %assign/vec4 v00000248213553d0_0, 0;
    %load/vec4 v00000248213564b0_0;
    %flag_set/vec4 8;
    %jmp/0xz  T_9.2, 8;
    %pushi/vec4 165, 0, 8;
    %load/vec4 v0000024821355150_0;
    %concat/vec4; draw_concat_vec4
    %load/vec4 v0000024821355290_0;
    %concat/vec4; draw_concat_vec4
    %load/vec4 v0000024821356f50_0;
    %concat/vec4; draw_concat_vec4
    %load/vec4 v0000024821355d30_0;
    %concat/vec4; draw_concat_vec4
    %load/vec4 v0000024821355470_0;
    %concat/vec4; draw_concat_vec4
    %load/vec4 v00000248213555b0_0;
    %concat/vec4; draw_concat_vec4
    %assign/vec4 v0000024821355b50_0, 0;
    %pushi/vec4 0, 0, 112;
    %assign/vec4 v0000024821355790_0, 0;
    %pushi/vec4 0, 0, 8;
    %assign/vec4 v0000024821356870_0, 0;
    %pushi/vec4 1, 0, 1;
    %assign/vec4 v0000024821355650_0, 0;
    %jmp T_9.3;
T_9.2 ;
    %load/vec4 v0000024821355ab0_0;
    %flag_set/vec4 8;
    %jmp/0xz  T_9.4, 8;
    %load/vec4 v0000024821355790_0;
    %parti/s 8, 104, 8;
    %assign/vec4 v0000024821356730_0, 0;
    %pushi/vec4 111, 0, 8;
    %load/vec4 v0000024821356870_0;
    %cmp/u;
    %flag_get/vec4 4;
    %flag_get/vec4 5;
    %or;
    %assign/vec4 v00000248213553d0_0, 0;
    %pushi/vec4 0, 0, 1;
    %assign/vec4 v0000024821355650_0, 0;
    %jmp T_9.5;
T_9.4 ;
    %load/vec4 v0000024821356690_0;
    %nor/r;
    %flag_set/vec4 8;
    %jmp/0xz  T_9.6, 8;
    %load/vec4 v0000024821355970_0;
    %flag_set/vec4 8;
    %jmp/0xz  T_9.8, 8;
    %load/vec4 v0000024821355790_0;
    %parti/s 111, 0, 2;
    %load/vec4 v0000024821356eb0_0;
    %concat/vec4; draw_concat_vec4
    %assign/vec4 v0000024821355790_0, 0;
    %load/vec4 v0000024821356870_0;
    %cmpi/ne 111, 0, 8;
    %jmp/0xz  T_9.10, 4;
    %load/vec4 v0000024821356870_0;
    %addi 1, 0, 8;
    %assign/vec4 v0000024821356870_0, 0;
T_9.10 ;
T_9.8 ;
    %load/vec4 v0000024821355830_0;
    %flag_set/vec4 8;
    %jmp/0xz  T_9.12, 8;
    %load/vec4 v0000024821355b50_0;
    %parti/s 111, 0, 2;
    %concati/vec4 0, 0, 1;
    %assign/vec4 v0000024821355b50_0, 0;
    %load/vec4 v0000024821355b50_0;
    %parti/s 1, 110, 8;
    %assign/vec4 v0000024821355650_0, 0;
T_9.12 ;
T_9.6 ;
T_9.5 ;
T_9.3 ;
T_9.1 ;
    %jmp T_9;
    .thread T_9;
    .scope S_00000248211d27b0;
T_10 ;
    %pushi/vec4 0, 0, 32;
    %store/vec4 v00000248213681b0_0, 0, 32;
T_10.0 ;
    %load/vec4 v00000248213681b0_0;
    %cmpi/s 256, 0, 32;
    %jmp/0xz T_10.1, 5;
    %load/vec4 v00000248213681b0_0;
    %cmpi/s 100, 0, 32;
    %flag_or 5, 4; GT is !LE
    %flag_inv 5;
    %flag_mov 8, 5;
    %jmp/0 T_10.2, 8;
    %pushi/vec4 100, 0, 16;
    %jmp/1 T_10.3, 8;
T_10.2 ; End of true expr.
    %load/vec4 v00000248213681b0_0;
    %parti/s 16, 0, 2;
    %jmp/0 T_10.3, 8;
 ; End of false expr.
    %blend;
T_10.3;
    %ix/getv/s 4, v00000248213681b0_0;
    %store/vec4a v0000024821367d50, 4, 0;
    %load/vec4 v00000248213681b0_0;
    %addi 1, 0, 32;
    %store/vec4 v00000248213681b0_0, 0, 32;
    %jmp T_10.0;
T_10.1 ;
    %end;
    .thread T_10;
    .scope S_00000248211d27b0;
T_11 ;
    %wait E_00000248212e3ef0;
    %load/vec4 v0000024821367a30_0;
    %flag_set/vec4 8;
    %jmp/0xz  T_11.0, 8;
    %load/vec4 v00000248213689d0_0;
    %pad/u 10;
    %ix/vec4 4;
    %load/vec4a v0000024821367d50, 4;
    %assign/vec4 v0000024821368b10_0, 0;
T_11.0 ;
    %jmp T_11;
    .thread T_11;
    .scope S_00000248212facd0;
T_12 ;
    %wait E_00000248212e2b70;
    %load/vec4 v0000024821369e00_0;
    %nor/r;
    %flag_set/vec4 8;
    %jmp/0xz  T_12.0, 8;
    %pushi/vec4 0, 0, 1;
    %assign/vec4 v0000024821369220_0, 0;
    %jmp T_12.1;
T_12.0 ;
    %load/vec4 v000002482136a3a0_0;
    %assign/vec4 v0000024821369220_0, 0;
T_12.1 ;
    %jmp T_12;
    .thread T_12;
    .scope S_00000248212facd0;
T_13 ;
    %wait E_00000248212e2b70;
    %load/vec4 v0000024821369e00_0;
    %nor/r;
    %flag_set/vec4 8;
    %jmp/0xz  T_13.0, 8;
    %pushi/vec4 0, 0, 3;
    %assign/vec4 v0000024821368750_0, 0;
    %jmp T_13.1;
T_13.0 ;
    %load/vec4 v0000024821368bb0_0;
    %flag_set/vec4 8;
    %jmp/0xz  T_13.2, 8;
    %load/vec4 v0000024821368750_0;
    %parti/s 1, 0, 2;
    %inv;
    %ix/load 4, 0, 0;
    %ix/load 5, 0, 0;
    %flag_set/imm 4, 0;
    %assign/vec4/off/d v0000024821368750_0, 4, 5;
T_13.2 ;
    %load/vec4 v0000024821368d90_0;
    %flag_set/vec4 8;
    %jmp/0xz  T_13.4, 8;
    %load/vec4 v0000024821368750_0;
    %parti/s 1, 1, 2;
    %inv;
    %ix/load 4, 1, 0;
    %ix/load 5, 0, 0;
    %flag_set/imm 4, 0;
    %assign/vec4/off/d v0000024821368750_0, 4, 5;
    %load/vec4 v0000024821368750_0;
    %parti/s 1, 2, 3;
    %inv;
    %ix/load 4, 2, 0;
    %ix/load 5, 0, 0;
    %flag_set/imm 4, 0;
    %assign/vec4/off/d v0000024821368750_0, 4, 5;
T_13.4 ;
T_13.1 ;
    %jmp T_13;
    .thread T_13;
    .scope S_00000248212fb840;
T_14 ;
    %pushi/vec4 0, 0, 1;
    %store/vec4 v000002482136a080_0, 0, 1;
    %pushi/vec4 0, 0, 1;
    %store/vec4 v0000024821369ea0_0, 0, 1;
    %pushi/vec4 0, 0, 1;
    %store/vec4 v000002482136aa80_0, 0, 1;
    %pushi/vec4 0, 0, 1;
    %store/vec4 v0000024821369cc0_0, 0, 1;
    %pushi/vec4 0, 0, 1;
    %store/vec4 v000002482136a6c0_0, 0, 1;
    %pushi/vec4 1, 0, 1;
    %store/vec4 v0000024821369180_0, 0, 1;
    %end;
    .thread T_14, $init;
    .scope S_00000248212fb840;
T_15 ;
    %delay 5000, 0;
    %load/vec4 v000002482136a080_0;
    %inv;
    %store/vec4 v000002482136a080_0, 0, 1;
    %jmp T_15;
    .thread T_15;
    .scope S_00000248212fb840;
T_16 ;
    %vpi_call/w 3 55 "$dumpfile", "./tb_tang_nano_4k_top_compile.vcd" {0 0 0};
    %vpi_call/w 3 56 "$dumpvars", 32'sb00000000000000000000000000000000, S_00000248212fb840 {0 0 0};
    %pushi/vec4 0, 0, 32;
    %store/vec4 v0000024821369fe0_0, 0, 32;
    %pushi/vec4 0, 0, 32;
    %store/vec4 v000002482136a8a0_0, 0, 32;
    %pushi/vec4 0, 0, 32;
    %store/vec4 v00000248213694a0_0, 0, 32;
    %vpi_call/w 3 62 "$display", "================================================" {0 0 0};
    %vpi_call/w 3 63 "$display", "TESTE: tb_tang_nano_4k_top_compile" {0 0 0};
    %vpi_call/w 3 64 "$display", "================================================" {0 0 0};
    %delay 30000, 0;
    %pushi/vec4 1, 0, 1;
    %store/vec4 v0000024821369ea0_0, 0, 1;
    %delay 400000, 0;
    %load/vec4 v0000024821369fe0_0;
    %addi 1, 0, 32;
    %store/vec4 v0000024821369fe0_0, 0, 32;
    %load/vec4 v0000024821369d60_0;
    %xor/r;
    %cmpi/e 1, 1, 1;
    %jmp/0xz  T_16.0, 6;
    %vpi_call/w 3 74 "$fatal", 32'sb00000000000000000000000000000001, "TOP FAIL: LED indefinido" {0 0 0};
T_16.0 ;
    %load/vec4 v00000248213697c0_0;
    %cmpi/e 1, 1, 1;
    %jmp/1 T_16.5, 6;
    %flag_mov 8, 6;
    %load/vec4 v000002482136ae40_0;
    %cmpi/e 1, 1, 1;
    %flag_or 6, 8;
T_16.5;
    %jmp/1 T_16.4, 6;
    %flag_mov 8, 6;
    %load/vec4 v000002482136ada0_0;
    %cmpi/e 1, 1, 1;
    %flag_or 6, 8;
T_16.4;
    %jmp/0xz  T_16.2, 6;
    %vpi_call/w 3 79 "$fatal", 32'sb00000000000000000000000000000001, "TOP FAIL: sinais MCP3008 indefinidos" {0 0 0};
T_16.2 ;
    %load/vec4 v000002482136a8a0_0;
    %addi 1, 0, 32;
    %store/vec4 v000002482136a8a0_0, 0, 32;
    %vpi_call/w 3 83 "$display", "PASS: top-level elaboracao/basic connectivity" {0 0 0};
    %vpi_call/w 3 84 "$display", "TESTE FUNCIONAL LIMITADO: este TB nao comprova o caminho completo" {0 0 0};
    %vpi_call/w 3 85 "$display", "TESTES: %0d | PASS: %0d | FAIL: %0d", v0000024821369fe0_0, v000002482136a8a0_0, v00000248213694a0_0 {0 0 0};
    %vpi_call/w 3 88 "$display", "================================================" {0 0 0};
    %vpi_call/w 3 89 "$display", "PASS tb_tang_nano_4k_top_compile" {0 0 0};
    %vpi_call/w 3 90 "$display", "================================================" {0 0 0};
    %vpi_call/w 3 91 "$finish" {0 0 0};
    %end;
    .thread T_16;
    .scope S_00000248212fb840;
T_17 ;
    %delay 5000000, 0;
    %vpi_call/w 3 96 "$fatal", 32'sb00000000000000000000000000000001, "Timeout: tb_tang_nano_4k_top_compile excedeu o tempo maximo" {0 0 0};
    %end;
    .thread T_17;
# The file index is used to find the file name in the following table.
:file_names 10;
    "N/A";
    "<interactive>";
    "-";
    ".\tb_tang_nano_4k_top_compile.v";
    "..\src\tang_nano_4k_top.v";
    "..\src\bmp180_controller.v";
    "..\src\mcp3008_controller.v";
    "..\src\spi_slave_pi4.v";
    "..\src\sensor_dsp.v";
    "..\src\tp4_bram.v";
