$date
	Tue Sep 01 17:22:25 2026
$end
$version
	Icarus Verilog
$end
$timescale
	1ps
$end
$scope module tb_spi_slave_pi4 $end
$var wire 1 ! frame_valid $end
$var wire 8 " command_byte [7:0] $end
$var wire 1 # arm_spi_miso $end
$var reg 1 $ arm_spi_cs_n $end
$var reg 1 % arm_spi_mosi $end
$var reg 1 & arm_spi_sclk $end
$var reg 32 ' bmp_pressure_pa [31:0] $end
$var reg 16 ( bmp_temp [15:0] $end
$var reg 16 ) lm35_raw [15:0] $end
$var reg 16 * lm35_temp_x10 [15:0] $end
$var reg 112 + master_tx_frame [111:0] $end
$var reg 8 , pot_percent [7:0] $end
$var reg 16 - pot_raw [15:0] $end
$var reg 1 . rst_n $end
$var reg 112 / rx_frame [111:0] $end
$var reg 1 0 sampled_miso $end
$var reg 1 1 saw_frame_valid $end
$var reg 1 2 sys_clk $end
$var integer 32 3 i [31:0] $end
$var integer 32 4 tests_failed [31:0] $end
$var integer 32 5 tests_passed [31:0] $end
$var integer 32 6 tests_total [31:0] $end
$scope module dut $end
$var wire 1 $ arm_spi_cs_n $end
$var wire 1 # arm_spi_miso $end
$var wire 1 % arm_spi_mosi $end
$var wire 1 & arm_spi_sclk $end
$var wire 32 7 bmp_pressure_pa [31:0] $end
$var wire 16 8 bmp_temp [15:0] $end
$var wire 1 9 cs_fall $end
$var wire 1 : cs_rise $end
$var wire 16 ; lm35_raw [15:0] $end
$var wire 16 < lm35_temp_x10 [15:0] $end
$var wire 8 = pot_percent [7:0] $end
$var wire 16 > pot_raw [15:0] $end
$var wire 1 . rst_n $end
$var wire 1 ? sclk_fall $end
$var wire 1 @ sclk_rise $end
$var wire 1 2 sys_clk $end
$var reg 8 A bit_count [7:0] $end
$var reg 8 B command_byte [7:0] $end
$var reg 1 C cs_meta $end
$var reg 1 D cs_prev $end
$var reg 1 E cs_sync $end
$var reg 1 ! frame_valid $end
$var reg 1 F miso_reg $end
$var reg 1 G mosi_meta $end
$var reg 1 H mosi_sync $end
$var reg 112 I rx_shift [111:0] $end
$var reg 1 J sclk_meta $end
$var reg 1 K sclk_prev $end
$var reg 1 L sclk_sync $end
$var reg 112 M tx_shift [111:0] $end
$upscope $end
$scope task run_valid_frame $end
$upscope $end
$scope task transfer_bit $end
$upscope $end
$upscope $end
$enddefinitions $end
$comment Show the parameter values. $end
$dumpall
$end
#0
$dumpvars
bx M
xL
xK
xJ
bx I
xH
xG
xF
xE
xD
xC
bx B
bx A
x@
x?
b1000000000 >
b110010 =
b11111011 <
b1010101 ;
x:
x9
b1001000110100 8
b11000101111001101 7
b0 6
b0 5
b0 4
bx 3
02
x1
x0
bx /
0.
b1000000000 -
b110010 ,
bx +
b11111011 *
b1010101 )
b1001000110100 (
b11000101111001101 '
0&
0%
1$
x#
bx "
x!
$end
#5000
09
0:
0?
0@
b0 "
b0 B
0!
0#
0F
b0 A
b0 I
b0 M
1D
1E
1C
0H
0G
0K
0L
0J
12
#10000
02
#15000
12
#20000
02
#25000
12
#30000
02
#35000
12
#40000
02
1.
#45000
12
#50000
02
#55000
12
#60000
02
#65000
12
#70000
02
#75000
12
#80000
02
#85000
12
#90000
02
#95000
12
#100000
02
#105000
12
#110000
02
#115000
12
#120000
02
#125000
12
#130000
02
#135000
12
#140000
02
0$
01
b0 /
b11110000000000000000000000000000000000000000000000000000000000000000000000000000000000000000000000000000000000 +
b1 6
#145000
0C
12
#150000
02
#155000
19
0E
12
#160000
02
#165000
09
1#
1F
b1010010100010010001101000000000011111011001100100000000001010101000000100000000000000000000000011000101111001101 M
0D
12
#170000
02
#175000
12
#180000
02
#185000
12
#190000
02
#195000
12
#200000
02
#205000
12
#210000
02
#215000
12
#220000
02
#225000
12
#230000
02
#235000
12
#240000
02
#245000
12
#250000
02
#255000
12
#260000
02
#265000
12
#270000
02
#275000
12
#280000
02
#285000
12
#290000
02
#295000
12
#300000
02
b0 3
#305000
12
#310000
02
#315000
12
#320000
02
#325000
12
#330000
02
#335000
12
#340000
02
#345000
12
#350000
02
#355000
12
#360000
02
#365000
12
#370000
02
#375000
12
#380000
02
1&
#385000
1J
12
#390000
02
#395000
1@
1L
12
#400000
02
#405000
0@
b1 A
1K
12
#410000
02
#415000
12
#420000
02
#425000
12
#430000
02
#435000
12
#440000
02
#445000
12
#450000
02
#455000
12
#460000
02
#465000
12
#470000
02
#475000
12
#480000
02
0&
#485000
0J
12
#490000
02
#495000
1?
0L
12
#500000
02
#505000
0?
0#
0F
b100101000100100011010000000000111110110011001000000000010101010000001000000000000000000000000110001011110011010 M
0K
12
#510000
02
#515000
12
#520000
02
#525000
12
#530000
02
#535000
12
#540000
02
#545000
12
#550000
02
#555000
12
#560000
02
#565000
12
#570000
02
#575000
12
#580000
02
b1 3
b1000000000000000000000000000000000000000000000000000000000000000000000000000000000000000000000000000000000000000 /
10
#585000
12
#590000
02
#595000
12
#600000
02
#605000
12
#610000
02
#615000
12
#620000
02
#625000
12
#630000
02
#635000
12
#640000
02
#645000
12
#650000
02
#655000
12
#660000
02
1&
#665000
1J
12
#670000
02
#675000
1@
1L
12
#680000
02
#685000
0@
b10 A
1K
12
#690000
02
#695000
12
#700000
02
#705000
12
#710000
02
#715000
12
#720000
02
#725000
12
#730000
02
#735000
12
#740000
02
#745000
12
#750000
02
#755000
12
#760000
02
0&
#765000
0J
12
#770000
02
#775000
1?
0L
12
#780000
02
#785000
0?
1#
1F
b1001010001001000110100000000001111101100110010000000000101010100000010000000000000000000000001100010111100110100 M
0K
12
#790000
02
#795000
12
#800000
02
#805000
12
#810000
02
#815000
12
#820000
02
#825000
12
#830000
02
#835000
12
#840000
02
#845000
12
#850000
02
#855000
12
#860000
02
1%
b10 3
00
#865000
1G
12
#870000
02
#875000
1H
12
#880000
02
#885000
12
#890000
02
#895000
12
#900000
02
#905000
12
#910000
02
#915000
12
#920000
02
#925000
12
#930000
02
#935000
12
#940000
02
1&
#945000
1J
12
#950000
02
#955000
1@
1L
12
#960000
02
#965000
0@
b11 A
b1 I
1K
12
#970000
02
#975000
12
#980000
02
#985000
12
#990000
02
#995000
12
#1000000
02
#1005000
12
#1010000
02
#1015000
12
#1020000
02
#1025000
12
#1030000
02
#1035000
12
#1040000
02
0&
#1045000
0J
12
#1050000
02
#1055000
1?
0L
12
#1060000
02
#1065000
0?
0#
0F
b10100010010001101000000000011111011001100100000000001010101000000100000000000000000000000011000101111001101000 M
0K
12
#1070000
02
#1075000
12
#1080000
02
#1085000
12
#1090000
02
#1095000
12
#1100000
02
#1105000
12
#1110000
02
#1115000
12
#1120000
02
#1125000
12
#1130000
02
#1135000
12
#1140000
02
b11 3
b1010000000000000000000000000000000000000000000000000000000000000000000000000000000000000000000000000000000000000 /
10
#1145000
12
#1150000
02
#1155000
12
#1160000
02
#1165000
12
#1170000
02
#1175000
12
#1180000
02
#1185000
12
#1190000
02
#1195000
12
#1200000
02
#1205000
12
#1210000
02
#1215000
12
#1220000
02
1&
#1225000
1J
12
#1230000
02
#1235000
1@
1L
12
#1240000
02
#1245000
0@
b100 A
b11 I
1K
12
#1250000
02
#1255000
12
#1260000
02
#1265000
12
#1270000
02
#1275000
12
#1280000
02
#1285000
12
#1290000
02
#1295000
12
#1300000
02
#1305000
12
#1310000
02
#1315000
12
#1320000
02
0&
#1325000
0J
12
#1330000
02
#1335000
1?
0L
12
#1340000
02
#1345000
0?
b101000100100011010000000000111110110011001000000000010101010000001000000000000000000000000110001011110011010000 M
0K
12
#1350000
02
#1355000
12
#1360000
02
#1365000
12
#1370000
02
#1375000
12
#1380000
02
#1385000
12
#1390000
02
#1395000
12
#1400000
02
#1405000
12
#1410000
02
#1415000
12
#1420000
02
b100 3
00
#1425000
12
#1430000
02
#1435000
12
#1440000
02
#1445000
12
#1450000
02
#1455000
12
#1460000
02
#1465000
12
#1470000
02
#1475000
12
#1480000
02
#1485000
12
#1490000
02
#1495000
12
#1500000
02
1&
#1505000
1J
12
#1510000
02
#1515000
1@
1L
12
#1520000
02
#1525000
0@
b101 A
b111 I
1K
12
#1530000
02
#1535000
12
#1540000
02
#1545000
12
#1550000
02
#1555000
12
#1560000
02
#1565000
12
#1570000
02
#1575000
12
#1580000
02
#1585000
12
#1590000
02
#1595000
12
#1600000
02
0&
#1605000
0J
12
#1610000
02
#1615000
1?
0L
12
#1620000
02
#1625000
0?
1#
1F
b1010001001000110100000000001111101100110010000000000101010100000010000000000000000000000001100010111100110100000 M
0K
12
#1630000
02
#1635000
12
#1640000
02
#1645000
12
#1650000
02
#1655000
12
#1660000
02
#1665000
12
#1670000
02
#1675000
12
#1680000
02
#1685000
12
#1690000
02
#1695000
12
#1700000
02
b101 3
#1705000
12
#1710000
02
#1715000
12
#1720000
02
#1725000
12
#1730000
02
#1735000
12
#1740000
02
#1745000
12
#1750000
02
#1755000
12
#1760000
02
#1765000
12
#1770000
02
#1775000
12
#1780000
02
1&
#1785000
1J
12
#1790000
02
#1795000
1@
1L
12
#1800000
02
#1805000
0@
b110 A
b1111 I
1K
12
#1810000
02
#1815000
12
#1820000
02
#1825000
12
#1830000
02
#1835000
12
#1840000
02
#1845000
12
#1850000
02
#1855000
12
#1860000
02
#1865000
12
#1870000
02
#1875000
12
#1880000
02
0&
#1885000
0J
12
#1890000
02
#1895000
1?
0L
12
#1900000
02
#1905000
0?
0#
0F
b100010010001101000000000011111011001100100000000001010101000000100000000000000000000000011000101111001101000000 M
0K
12
#1910000
02
#1915000
12
#1920000
02
#1925000
12
#1930000
02
#1935000
12
#1940000
02
#1945000
12
#1950000
02
#1955000
12
#1960000
02
#1965000
12
#1970000
02
#1975000
12
#1980000
02
0%
b110 3
b1010010000000000000000000000000000000000000000000000000000000000000000000000000000000000000000000000000000000000 /
10
#1985000
0G
12
#1990000
02
#1995000
0H
12
#2000000
02
#2005000
12
#2010000
02
#2015000
12
#2020000
02
#2025000
12
#2030000
02
#2035000
12
#2040000
02
#2045000
12
#2050000
02
#2055000
12
#2060000
02
1&
#2065000
1J
12
#2070000
02
#2075000
1@
1L
12
#2080000
02
#2085000
0@
b111 A
b11110 I
1K
12
#2090000
02
#2095000
12
#2100000
02
#2105000
12
#2110000
02
#2115000
12
#2120000
02
#2125000
12
#2130000
02
#2135000
12
#2140000
02
#2145000
12
#2150000
02
#2155000
12
#2160000
02
0&
#2165000
0J
12
#2170000
02
#2175000
1?
0L
12
#2180000
02
#2185000
0?
1#
1F
b1000100100011010000000000111110110011001000000000010101010000001000000000000000000000000110001011110011010000000 M
0K
12
#2190000
02
#2195000
12
#2200000
02
#2205000
12
#2210000
02
#2215000
12
#2220000
02
#2225000
12
#2230000
02
#2235000
12
#2240000
02
#2245000
12
#2250000
02
#2255000
12
#2260000
02
b111 3
00
#2265000
12
#2270000
02
#2275000
12
#2280000
02
#2285000
12
#2290000
02
#2295000
12
#2300000
02
#2305000
12
#2310000
02
#2315000
12
#2320000
02
#2325000
12
#2330000
02
#2335000
12
#2340000
02
1&
#2345000
1J
12
#2350000
02
#2355000
1@
1L
12
#2360000
02
#2365000
0@
b1000 A
b111100 I
1K
12
#2370000
02
#2375000
12
#2380000
02
#2385000
12
#2390000
02
#2395000
12
#2400000
02
#2405000
12
#2410000
02
#2415000
12
#2420000
02
#2425000
12
#2430000
02
#2435000
12
#2440000
02
0&
#2445000
0J
12
#2450000
02
#2455000
1?
0L
12
#2460000
02
#2465000
0?
0#
0F
b1001000110100000000001111101100110010000000000101010100000010000000000000000000000001100010111100110100000000 M
0K
12
#2470000
02
#2475000
12
#2480000
02
#2485000
12
#2490000
02
#2495000
12
#2500000
02
#2505000
12
#2510000
02
#2515000
12
#2520000
02
#2525000
12
#2530000
02
#2535000
12
#2540000
02
b1000 3
b1010010100000000000000000000000000000000000000000000000000000000000000000000000000000000000000000000000000000000 /
10
#2545000
12
#2550000
02
#2555000
12
#2560000
02
#2565000
12
#2570000
02
#2575000
12
#2580000
02
#2585000
12
#2590000
02
#2595000
12
#2600000
02
#2605000
12
#2610000
02
#2615000
12
#2620000
02
1&
#2625000
1J
12
#2630000
02
#2635000
1@
1L
12
#2640000
02
#2645000
0@
b1001 A
b1111000 I
1K
12
#2650000
02
#2655000
12
#2660000
02
#2665000
12
#2670000
02
#2675000
12
#2680000
02
#2685000
12
#2690000
02
#2695000
12
#2700000
02
#2705000
12
#2710000
02
#2715000
12
#2720000
02
0&
#2725000
0J
12
#2730000
02
#2735000
1?
0L
12
#2740000
02
#2745000
0?
b10010001101000000000011111011001100100000000001010101000000100000000000000000000000011000101111001101000000000 M
0K
12
#2750000
02
#2755000
12
#2760000
02
#2765000
12
#2770000
02
#2775000
12
#2780000
02
#2785000
12
#2790000
02
#2795000
12
#2800000
02
#2805000
12
#2810000
02
#2815000
12
#2820000
02
b1001 3
00
#2825000
12
#2830000
02
#2835000
12
#2840000
02
#2845000
12
#2850000
02
#2855000
12
#2860000
02
#2865000
12
#2870000
02
#2875000
12
#2880000
02
#2885000
12
#2890000
02
#2895000
12
#2900000
02
1&
#2905000
1J
12
#2910000
02
#2915000
1@
1L
12
#2920000
02
#2925000
0@
b1010 A
b11110000 I
1K
12
#2930000
02
#2935000
12
#2940000
02
#2945000
12
#2950000
02
#2955000
12
#2960000
02
#2965000
12
#2970000
02
#2975000
12
#2980000
02
#2985000
12
#2990000
02
#2995000
12
#3000000
02
0&
#3005000
0J
12
#3010000
02
#3015000
1?
0L
12
#3020000
02
#3025000
0?
b100100011010000000000111110110011001000000000010101010000001000000000000000000000000110001011110011010000000000 M
0K
12
#3030000
02
#3035000
12
#3040000
02
#3045000
12
#3050000
02
#3055000
12
#3060000
02
#3065000
12
#3070000
02
#3075000
12
#3080000
02
#3085000
12
#3090000
02
#3095000
12
#3100000
02
b1010 3
#3105000
12
#3110000
02
#3115000
12
#3120000
02
#3125000
12
#3130000
02
#3135000
12
#3140000
02
#3145000
12
#3150000
02
#3155000
12
#3160000
02
#3165000
12
#3170000
02
#3175000
12
#3180000
02
1&
#3185000
1J
12
#3190000
02
#3195000
1@
1L
12
#3200000
02
#3205000
0@
b1011 A
b111100000 I
1K
12
#3210000
02
#3215000
12
#3220000
02
#3225000
12
#3230000
02
#3235000
12
#3240000
02
#3245000
12
#3250000
02
#3255000
12
#3260000
02
#3265000
12
#3270000
02
#3275000
12
#3280000
02
0&
#3285000
0J
12
#3290000
02
#3295000
1?
0L
12
#3300000
02
#3305000
0?
1#
1F
b1001000110100000000001111101100110010000000000101010100000010000000000000000000000001100010111100110100000000000 M
0K
12
#3310000
02
#3315000
12
#3320000
02
#3325000
12
#3330000
02
#3335000
12
#3340000
02
#3345000
12
#3350000
02
#3355000
12
#3360000
02
#3365000
12
#3370000
02
#3375000
12
#3380000
02
b1011 3
#3385000
12
#3390000
02
#3395000
12
#3400000
02
#3405000
12
#3410000
02
#3415000
12
#3420000
02
#3425000
12
#3430000
02
#3435000
12
#3440000
02
#3445000
12
#3450000
02
#3455000
12
#3460000
02
1&
#3465000
1J
12
#3470000
02
#3475000
1@
1L
12
#3480000
02
#3485000
0@
b1100 A
b1111000000 I
1K
12
#3490000
02
#3495000
12
#3500000
02
#3505000
12
#3510000
02
#3515000
12
#3520000
02
#3525000
12
#3530000
02
#3535000
12
#3540000
02
#3545000
12
#3550000
02
#3555000
12
#3560000
02
0&
#3565000
0J
12
#3570000
02
#3575000
1?
0L
12
#3580000
02
#3585000
0?
0#
0F
b10001101000000000011111011001100100000000001010101000000100000000000000000000000011000101111001101000000000000 M
0K
12
#3590000
02
#3595000
12
#3600000
02
#3605000
12
#3610000
02
#3615000
12
#3620000
02
#3625000
12
#3630000
02
#3635000
12
#3640000
02
#3645000
12
#3650000
02
#3655000
12
#3660000
02
b1100 3
b1010010100010000000000000000000000000000000000000000000000000000000000000000000000000000000000000000000000000000 /
10
#3665000
12
#3670000
02
#3675000
12
#3680000
02
#3685000
12
#3690000
02
#3695000
12
#3700000
02
#3705000
12
#3710000
02
#3715000
12
#3720000
02
#3725000
12
#3730000
02
#3735000
12
#3740000
02
1&
#3745000
1J
12
#3750000
02
#3755000
1@
1L
12
#3760000
02
#3765000
0@
b1101 A
b11110000000 I
1K
12
#3770000
02
#3775000
12
#3780000
02
#3785000
12
#3790000
02
#3795000
12
#3800000
02
#3805000
12
#3810000
02
#3815000
12
#3820000
02
#3825000
12
#3830000
02
#3835000
12
#3840000
02
0&
#3845000
0J
12
#3850000
02
#3855000
1?
0L
12
#3860000
02
#3865000
0?
b100011010000000000111110110011001000000000010101010000001000000000000000000000000110001011110011010000000000000 M
0K
12
#3870000
02
#3875000
12
#3880000
02
#3885000
12
#3890000
02
#3895000
12
#3900000
02
#3905000
12
#3910000
02
#3915000
12
#3920000
02
#3925000
12
#3930000
02
#3935000
12
#3940000
02
b1101 3
00
#3945000
12
#3950000
02
#3955000
12
#3960000
02
#3965000
12
#3970000
02
#3975000
12
#3980000
02
#3985000
12
#3990000
02
#3995000
12
#4000000
02
#4005000
12
#4010000
02
#4015000
12
#4020000
02
1&
#4025000
1J
12
#4030000
02
#4035000
1@
1L
12
#4040000
02
#4045000
0@
b1110 A
b111100000000 I
1K
12
#4050000
02
#4055000
12
#4060000
02
#4065000
12
#4070000
02
#4075000
12
#4080000
02
#4085000
12
#4090000
02
#4095000
12
#4100000
02
#4105000
12
#4110000
02
#4115000
12
#4120000
02
0&
#4125000
0J
12
#4130000
02
#4135000
1?
0L
12
#4140000
02
#4145000
0?
1#
1F
b1000110100000000001111101100110010000000000101010100000010000000000000000000000001100010111100110100000000000000 M
0K
12
#4150000
02
#4155000
12
#4160000
02
#4165000
12
#4170000
02
#4175000
12
#4180000
02
#4185000
12
#4190000
02
#4195000
12
#4200000
02
#4205000
12
#4210000
02
#4215000
12
#4220000
02
b1110 3
#4225000
12
#4230000
02
#4235000
12
#4240000
02
#4245000
12
#4250000
02
#4255000
12
#4260000
02
#4265000
12
#4270000
02
#4275000
12
#4280000
02
#4285000
12
#4290000
02
#4295000
12
#4300000
02
1&
#4305000
1J
12
#4310000
02
#4315000
1@
1L
12
#4320000
02
#4325000
0@
b1111 A
b1111000000000 I
1K
12
#4330000
02
#4335000
12
#4340000
02
#4345000
12
#4350000
02
#4355000
12
#4360000
02
#4365000
12
#4370000
02
#4375000
12
#4380000
02
#4385000
12
#4390000
02
#4395000
12
#4400000
02
0&
#4405000
0J
12
#4410000
02
#4415000
1?
0L
12
#4420000
02
#4425000
0?
0#
0F
b1101000000000011111011001100100000000001010101000000100000000000000000000000011000101111001101000000000000000 M
0K
12
#4430000
02
#4435000
12
#4440000
02
#4445000
12
#4450000
02
#4455000
12
#4460000
02
#4465000
12
#4470000
02
#4475000
12
#4480000
02
#4485000
12
#4490000
02
#4495000
12
#4500000
02
b1111 3
b1010010100010010000000000000000000000000000000000000000000000000000000000000000000000000000000000000000000000000 /
10
#4505000
12
#4510000
02
#4515000
12
#4520000
02
#4525000
12
#4530000
02
#4535000
12
#4540000
02
#4545000
12
#4550000
02
#4555000
12
#4560000
02
#4565000
12
#4570000
02
#4575000
12
#4580000
02
1&
#4585000
1J
12
#4590000
02
#4595000
1@
1L
12
#4600000
02
#4605000
0@
b10000 A
b11110000000000 I
1K
12
#4610000
02
#4615000
12
#4620000
02
#4625000
12
#4630000
02
#4635000
12
#4640000
02
#4645000
12
#4650000
02
#4655000
12
#4660000
02
#4665000
12
#4670000
02
#4675000
12
#4680000
02
0&
#4685000
0J
12
#4690000
02
#4695000
1?
0L
12
#4700000
02
#4705000
0?
b11010000000000111110110011001000000000010101010000001000000000000000000000000110001011110011010000000000000000 M
0K
12
#4710000
02
#4715000
12
#4720000
02
#4725000
12
#4730000
02
#4735000
12
#4740000
02
#4745000
12
#4750000
02
#4755000
12
#4760000
02
#4765000
12
#4770000
02
#4775000
12
#4780000
02
b10000 3
00
#4785000
12
#4790000
02
#4795000
12
#4800000
02
#4805000
12
#4810000
02
#4815000
12
#4820000
02
#4825000
12
#4830000
02
#4835000
12
#4840000
02
#4845000
12
#4850000
02
#4855000
12
#4860000
02
1&
#4865000
1J
12
#4870000
02
#4875000
1@
1L
12
#4880000
02
#4885000
0@
b10001 A
b111100000000000 I
1K
12
#4890000
02
#4895000
12
#4900000
02
#4905000
12
#4910000
02
#4915000
12
#4920000
02
#4925000
12
#4930000
02
#4935000
12
#4940000
02
#4945000
12
#4950000
02
#4955000
12
#4960000
02
0&
#4965000
0J
12
#4970000
02
#4975000
1?
0L
12
#4980000
02
#4985000
0?
b110100000000001111101100110010000000000101010100000010000000000000000000000001100010111100110100000000000000000 M
0K
12
#4990000
02
#4995000
12
#5000000
02
#5005000
12
#5010000
02
#5015000
12
#5020000
02
#5025000
12
#5030000
02
#5035000
12
#5040000
02
#5045000
12
#5050000
02
#5055000
12
#5060000
02
b10001 3
#5065000
12
#5070000
02
#5075000
12
#5080000
02
#5085000
12
#5090000
02
#5095000
12
#5100000
02
#5105000
12
#5110000
02
#5115000
12
#5120000
02
#5125000
12
#5130000
02
#5135000
12
#5140000
02
1&
#5145000
1J
12
#5150000
02
#5155000
1@
1L
12
#5160000
02
#5165000
0@
b10010 A
b1111000000000000 I
1K
12
#5170000
02
#5175000
12
#5180000
02
#5185000
12
#5190000
02
#5195000
12
#5200000
02
#5205000
12
#5210000
02
#5215000
12
#5220000
02
#5225000
12
#5230000
02
#5235000
12
#5240000
02
0&
#5245000
0J
12
#5250000
02
#5255000
1?
0L
12
#5260000
02
#5265000
0?
1#
1F
b1101000000000011111011001100100000000001010101000000100000000000000000000000011000101111001101000000000000000000 M
0K
12
#5270000
02
#5275000
12
#5280000
02
#5285000
12
#5290000
02
#5295000
12
#5300000
02
#5305000
12
#5310000
02
#5315000
12
#5320000
02
#5325000
12
#5330000
02
#5335000
12
#5340000
02
b10010 3
#5345000
12
#5350000
02
#5355000
12
#5360000
02
#5365000
12
#5370000
02
#5375000
12
#5380000
02
#5385000
12
#5390000
02
#5395000
12
#5400000
02
#5405000
12
#5410000
02
#5415000
12
#5420000
02
1&
#5425000
1J
12
#5430000
02
#5435000
1@
1L
12
#5440000
02
#5445000
0@
b10011 A
b11110000000000000 I
1K
12
#5450000
02
#5455000
12
#5460000
02
#5465000
12
#5470000
02
#5475000
12
#5480000
02
#5485000
12
#5490000
02
#5495000
12
#5500000
02
#5505000
12
#5510000
02
#5515000
12
#5520000
02
0&
#5525000
0J
12
#5530000
02
#5535000
1?
0L
12
#5540000
02
#5545000
0?
b1010000000000111110110011001000000000010101010000001000000000000000000000000110001011110011010000000000000000000 M
0K
12
#5550000
02
#5555000
12
#5560000
02
#5565000
12
#5570000
02
#5575000
12
#5580000
02
#5585000
12
#5590000
02
#5595000
12
#5600000
02
#5605000
12
#5610000
02
#5615000
12
#5620000
02
b10011 3
b1010010100010010001000000000000000000000000000000000000000000000000000000000000000000000000000000000000000000000 /
10
#5625000
12
#5630000
02
#5635000
12
#5640000
02
#5645000
12
#5650000
02
#5655000
12
#5660000
02
#5665000
12
#5670000
02
#5675000
12
#5680000
02
#5685000
12
#5690000
02
#5695000
12
#5700000
02
1&
#5705000
1J
12
#5710000
02
#5715000
1@
1L
12
#5720000
02
#5725000
0@
b10100 A
b111100000000000000 I
1K
12
#5730000
02
#5735000
12
#5740000
02
#5745000
12
#5750000
02
#5755000
12
#5760000
02
#5765000
12
#5770000
02
#5775000
12
#5780000
02
#5785000
12
#5790000
02
#5795000
12
#5800000
02
0&
#5805000
0J
12
#5810000
02
#5815000
1?
0L
12
#5820000
02
#5825000
0?
0#
0F
b100000000001111101100110010000000000101010100000010000000000000000000000001100010111100110100000000000000000000 M
0K
12
#5830000
02
#5835000
12
#5840000
02
#5845000
12
#5850000
02
#5855000
12
#5860000
02
#5865000
12
#5870000
02
#5875000
12
#5880000
02
#5885000
12
#5890000
02
#5895000
12
#5900000
02
b10100 3
b1010010100010010001100000000000000000000000000000000000000000000000000000000000000000000000000000000000000000000 /
#5905000
12
#5910000
02
#5915000
12
#5920000
02
#5925000
12
#5930000
02
#5935000
12
#5940000
02
#5945000
12
#5950000
02
#5955000
12
#5960000
02
#5965000
12
#5970000
02
#5975000
12
#5980000
02
1&
#5985000
1J
12
#5990000
02
#5995000
1@
1L
12
#6000000
02
#6005000
0@
b10101 A
b1111000000000000000 I
1K
12
#6010000
02
#6015000
12
#6020000
02
#6025000
12
#6030000
02
#6035000
12
#6040000
02
#6045000
12
#6050000
02
#6055000
12
#6060000
02
#6065000
12
#6070000
02
#6075000
12
#6080000
02
0&
#6085000
0J
12
#6090000
02
#6095000
1?
0L
12
#6100000
02
#6105000
0?
1#
1F
b1000000000011111011001100100000000001010101000000100000000000000000000000011000101111001101000000000000000000000 M
0K
12
#6110000
02
#6115000
12
#6120000
02
#6125000
12
#6130000
02
#6135000
12
#6140000
02
#6145000
12
#6150000
02
#6155000
12
#6160000
02
#6165000
12
#6170000
02
#6175000
12
#6180000
02
b10101 3
00
#6185000
12
#6190000
02
#6195000
12
#6200000
02
#6205000
12
#6210000
02
#6215000
12
#6220000
02
#6225000
12
#6230000
02
#6235000
12
#6240000
02
#6245000
12
#6250000
02
#6255000
12
#6260000
02
1&
#6265000
1J
12
#6270000
02
#6275000
1@
1L
12
#6280000
02
#6285000
0@
b10110 A
b11110000000000000000 I
1K
12
#6290000
02
#6295000
12
#6300000
02
#6305000
12
#6310000
02
#6315000
12
#6320000
02
#6325000
12
#6330000
02
#6335000
12
#6340000
02
#6345000
12
#6350000
02
#6355000
12
#6360000
02
0&
#6365000
0J
12
#6370000
02
#6375000
1?
0L
12
#6380000
02
#6385000
0?
0#
0F
b111110110011001000000000010101010000001000000000000000000000000110001011110011010000000000000000000000 M
0K
12
#6390000
02
#6395000
12
#6400000
02
#6405000
12
#6410000
02
#6415000
12
#6420000
02
#6425000
12
#6430000
02
#6435000
12
#6440000
02
#6445000
12
#6450000
02
#6455000
12
#6460000
02
b10110 3
b1010010100010010001101000000000000000000000000000000000000000000000000000000000000000000000000000000000000000000 /
10
#6465000
12
#6470000
02
#6475000
12
#6480000
02
#6485000
12
#6490000
02
#6495000
12
#6500000
02
#6505000
12
#6510000
02
#6515000
12
#6520000
02
#6525000
12
#6530000
02
#6535000
12
#6540000
02
1&
#6545000
1J
12
#6550000
02
#6555000
1@
1L
12
#6560000
02
#6565000
0@
b10111 A
b111100000000000000000 I
1K
12
#6570000
02
#6575000
12
#6580000
02
#6585000
12
#6590000
02
#6595000
12
#6600000
02
#6605000
12
#6610000
02
#6615000
12
#6620000
02
#6625000
12
#6630000
02
#6635000
12
#6640000
02
0&
#6645000
0J
12
#6650000
02
#6655000
1?
0L
12
#6660000
02
#6665000
0?
b1111101100110010000000000101010100000010000000000000000000000001100010111100110100000000000000000000000 M
0K
12
#6670000
02
#6675000
12
#6680000
02
#6685000
12
#6690000
02
#6695000
12
#6700000
02
#6705000
12
#6710000
02
#6715000
12
#6720000
02
#6725000
12
#6730000
02
#6735000
12
#6740000
02
b10111 3
00
#6745000
12
#6750000
02
#6755000
12
#6760000
02
#6765000
12
#6770000
02
#6775000
12
#6780000
02
#6785000
12
#6790000
02
#6795000
12
#6800000
02
#6805000
12
#6810000
02
#6815000
12
#6820000
02
1&
#6825000
1J
12
#6830000
02
#6835000
1@
1L
12
#6840000
02
#6845000
0@
b11000 A
b1111000000000000000000 I
1K
12
#6850000
02
#6855000
12
#6860000
02
#6865000
12
#6870000
02
#6875000
12
#6880000
02
#6885000
12
#6890000
02
#6895000
12
#6900000
02
#6905000
12
#6910000
02
#6915000
12
#6920000
02
0&
#6925000
0J
12
#6930000
02
#6935000
1?
0L
12
#6940000
02
#6945000
0?
b11111011001100100000000001010101000000100000000000000000000000011000101111001101000000000000000000000000 M
0K
12
#6950000
02
#6955000
12
#6960000
02
#6965000
12
#6970000
02
#6975000
12
#6980000
02
#6985000
12
#6990000
02
#6995000
12
#7000000
02
#7005000
12
#7010000
02
#7015000
12
#7020000
02
b11000 3
#7025000
12
#7030000
02
#7035000
12
#7040000
02
#7045000
12
#7050000
02
#7055000
12
#7060000
02
#7065000
12
#7070000
02
#7075000
12
#7080000
02
#7085000
12
#7090000
02
#7095000
12
#7100000
02
1&
#7105000
1J
12
#7110000
02
#7115000
1@
1L
12
#7120000
02
#7125000
0@
b11001 A
b11110000000000000000000 I
1K
12
#7130000
02
#7135000
12
#7140000
02
#7145000
12
#7150000
02
#7155000
12
#7160000
02
#7165000
12
#7170000
02
#7175000
12
#7180000
02
#7185000
12
#7190000
02
#7195000
12
#7200000
02
0&
#7205000
0J
12
#7210000
02
#7215000
1?
0L
12
#7220000
02
#7225000
0?
b111110110011001000000000010101010000001000000000000000000000000110001011110011010000000000000000000000000 M
0K
12
#7230000
02
#7235000
12
#7240000
02
#7245000
12
#7250000
02
#7255000
12
#7260000
02
#7265000
12
#7270000
02
#7275000
12
#7280000
02
#7285000
12
#7290000
02
#7295000
12
#7300000
02
b11001 3
#7305000
12
#7310000
02
#7315000
12
#7320000
02
#7325000
12
#7330000
02
#7335000
12
#7340000
02
#7345000
12
#7350000
02
#7355000
12
#7360000
02
#7365000
12
#7370000
02
#7375000
12
#7380000
02
1&
#7385000
1J
12
#7390000
02
#7395000
1@
1L
12
#7400000
02
#7405000
0@
b11010 A
b111100000000000000000000 I
1K
12
#7410000
02
#7415000
12
#7420000
02
#7425000
12
#7430000
02
#7435000
12
#7440000
02
#7445000
12
#7450000
02
#7455000
12
#7460000
02
#7465000
12
#7470000
02
#7475000
12
#7480000
02
0&
#7485000
0J
12
#7490000
02
#7495000
1?
0L
12
#7500000
02
#7505000
0?
b1111101100110010000000000101010100000010000000000000000000000001100010111100110100000000000000000000000000 M
0K
12
#7510000
02
#7515000
12
#7520000
02
#7525000
12
#7530000
02
#7535000
12
#7540000
02
#7545000
12
#7550000
02
#7555000
12
#7560000
02
#7565000
12
#7570000
02
#7575000
12
#7580000
02
b11010 3
#7585000
12
#7590000
02
#7595000
12
#7600000
02
#7605000
12
#7610000
02
#7615000
12
#7620000
02
#7625000
12
#7630000
02
#7635000
12
#7640000
02
#7645000
12
#7650000
02
#7655000
12
#7660000
02
1&
#7665000
1J
12
#7670000
02
#7675000
1@
1L
12
#7680000
02
#7685000
0@
b11011 A
b1111000000000000000000000 I
1K
12
#7690000
02
#7695000
12
#7700000
02
#7705000
12
#7710000
02
#7715000
12
#7720000
02
#7725000
12
#7730000
02
#7735000
12
#7740000
02
#7745000
12
#7750000
02
#7755000
12
#7760000
02
0&
#7765000
0J
12
#7770000
02
#7775000
1?
0L
12
#7780000
02
#7785000
0?
b11111011001100100000000001010101000000100000000000000000000000011000101111001101000000000000000000000000000 M
0K
12
#7790000
02
#7795000
12
#7800000
02
#7805000
12
#7810000
02
#7815000
12
#7820000
02
#7825000
12
#7830000
02
#7835000
12
#7840000
02
#7845000
12
#7850000
02
#7855000
12
#7860000
02
b11011 3
#7865000
12
#7870000
02
#7875000
12
#7880000
02
#7885000
12
#7890000
02
#7895000
12
#7900000
02
#7905000
12
#7910000
02
#7915000
12
#7920000
02
#7925000
12
#7930000
02
#7935000
12
#7940000
02
1&
#7945000
1J
12
#7950000
02
#7955000
1@
1L
12
#7960000
02
#7965000
0@
b11100 A
b11110000000000000000000000 I
1K
12
#7970000
02
#7975000
12
#7980000
02
#7985000
12
#7990000
02
#7995000
12
#8000000
02
#8005000
12
#8010000
02
#8015000
12
#8020000
02
#8025000
12
#8030000
02
#8035000
12
#8040000
02
0&
#8045000
0J
12
#8050000
02
#8055000
1?
0L
12
#8060000
02
#8065000
0?
b111110110011001000000000010101010000001000000000000000000000000110001011110011010000000000000000000000000000 M
0K
12
#8070000
02
#8075000
12
#8080000
02
#8085000
12
#8090000
02
#8095000
12
#8100000
02
#8105000
12
#8110000
02
#8115000
12
#8120000
02
#8125000
12
#8130000
02
#8135000
12
#8140000
02
b11100 3
#8145000
12
#8150000
02
#8155000
12
#8160000
02
#8165000
12
#8170000
02
#8175000
12
#8180000
02
#8185000
12
#8190000
02
#8195000
12
#8200000
02
#8205000
12
#8210000
02
#8215000
12
#8220000
02
1&
#8225000
1J
12
#8230000
02
#8235000
1@
1L
12
#8240000
02
#8245000
0@
b11101 A
b111100000000000000000000000 I
1K
12
#8250000
02
#8255000
12
#8260000
02
#8265000
12
#8270000
02
#8275000
12
#8280000
02
#8285000
12
#8290000
02
#8295000
12
#8300000
02
#8305000
12
#8310000
02
#8315000
12
#8320000
02
0&
#8325000
0J
12
#8330000
02
#8335000
1?
0L
12
#8340000
02
#8345000
0?
b1111101100110010000000000101010100000010000000000000000000000001100010111100110100000000000000000000000000000 M
0K
12
#8350000
02
#8355000
12
#8360000
02
#8365000
12
#8370000
02
#8375000
12
#8380000
02
#8385000
12
#8390000
02
#8395000
12
#8400000
02
#8405000
12
#8410000
02
#8415000
12
#8420000
02
b11101 3
#8425000
12
#8430000
02
#8435000
12
#8440000
02
#8445000
12
#8450000
02
#8455000
12
#8460000
02
#8465000
12
#8470000
02
#8475000
12
#8480000
02
#8485000
12
#8490000
02
#8495000
12
#8500000
02
1&
#8505000
1J
12
#8510000
02
#8515000
1@
1L
12
#8520000
02
#8525000
0@
b11110 A
b1111000000000000000000000000 I
1K
12
#8530000
02
#8535000
12
#8540000
02
#8545000
12
#8550000
02
#8555000
12
#8560000
02
#8565000
12
#8570000
02
#8575000
12
#8580000
02
#8585000
12
#8590000
02
#8595000
12
#8600000
02
0&
#8605000
0J
12
#8610000
02
#8615000
1?
0L
12
#8620000
02
#8625000
0?
b11111011001100100000000001010101000000100000000000000000000000011000101111001101000000000000000000000000000000 M
0K
12
#8630000
02
#8635000
12
#8640000
02
#8645000
12
#8650000
02
#8655000
12
#8660000
02
#8665000
12
#8670000
02
#8675000
12
#8680000
02
#8685000
12
#8690000
02
#8695000
12
#8700000
02
b11110 3
#8705000
12
#8710000
02
#8715000
12
#8720000
02
#8725000
12
#8730000
02
#8735000
12
#8740000
02
#8745000
12
#8750000
02
#8755000
12
#8760000
02
#8765000
12
#8770000
02
#8775000
12
#8780000
02
1&
#8785000
1J
12
#8790000
02
#8795000
1@
1L
12
#8800000
02
#8805000
0@
b11111 A
b11110000000000000000000000000 I
1K
12
#8810000
02
#8815000
12
#8820000
02
#8825000
12
#8830000
02
#8835000
12
#8840000
02
#8845000
12
#8850000
02
#8855000
12
#8860000
02
#8865000
12
#8870000
02
#8875000
12
#8880000
02
0&
#8885000
0J
12
#8890000
02
#8895000
1?
0L
12
#8900000
02
#8905000
0?
b111110110011001000000000010101010000001000000000000000000000000110001011110011010000000000000000000000000000000 M
0K
12
#8910000
02
#8915000
12
#8920000
02
#8925000
12
#8930000
02
#8935000
12
#8940000
02
#8945000
12
#8950000
02
#8955000
12
#8960000
02
#8965000
12
#8970000
02
#8975000
12
#8980000
02
b11111 3
#8985000
12
#8990000
02
#8995000
12
#9000000
02
#9005000
12
#9010000
02
#9015000
12
#9020000
02
#9025000
12
#9030000
02
#9035000
12
#9040000
02
#9045000
12
#9050000
02
#9055000
12
#9060000
02
1&
#9065000
1J
12
#9070000
02
#9075000
1@
1L
12
#9080000
02
#9085000
0@
b100000 A
b111100000000000000000000000000 I
1K
12
#9090000
02
#9095000
12
#9100000
02
#9105000
12
#9110000
02
#9115000
12
#9120000
02
#9125000
12
#9130000
02
#9135000
12
#9140000
02
#9145000
12
#9150000
02
#9155000
12
#9160000
02
0&
#9165000
0J
12
#9170000
02
#9175000
1?
0L
12
#9180000
02
#9185000
0?
1#
1F
b1111101100110010000000000101010100000010000000000000000000000001100010111100110100000000000000000000000000000000 M
0K
12
#9190000
02
#9195000
12
#9200000
02
#9205000
12
#9210000
02
#9215000
12
#9220000
02
#9225000
12
#9230000
02
#9235000
12
#9240000
02
#9245000
12
#9250000
02
#9255000
12
#9260000
02
b100000 3
#9265000
12
#9270000
02
#9275000
12
#9280000
02
#9285000
12
#9290000
02
#9295000
12
#9300000
02
#9305000
12
#9310000
02
#9315000
12
#9320000
02
#9325000
12
#9330000
02
#9335000
12
#9340000
02
1&
#9345000
1J
12
#9350000
02
#9355000
1@
1L
12
#9360000
02
#9365000
0@
b100001 A
b1111000000000000000000000000000 I
1K
12
#9370000
02
#9375000
12
#9380000
02
#9385000
12
#9390000
02
#9395000
12
#9400000
02
#9405000
12
#9410000
02
#9415000
12
#9420000
02
#9425000
12
#9430000
02
#9435000
12
#9440000
02
0&
#9445000
0J
12
#9450000
02
#9455000
1?
0L
12
#9460000
02
#9465000
0?
b1111011001100100000000001010101000000100000000000000000000000011000101111001101000000000000000000000000000000000 M
0K
12
#9470000
02
#9475000
12
#9480000
02
#9485000
12
#9490000
02
#9495000
12
#9500000
02
#9505000
12
#9510000
02
#9515000
12
#9520000
02
#9525000
12
#9530000
02
#9535000
12
#9540000
02
b100001 3
b1010010100010010001101000000000010000000000000000000000000000000000000000000000000000000000000000000000000000000 /
10
#9545000
12
#9550000
02
#9555000
12
#9560000
02
#9565000
12
#9570000
02
#9575000
12
#9580000
02
#9585000
12
#9590000
02
#9595000
12
#9600000
02
#9605000
12
#9610000
02
#9615000
12
#9620000
02
1&
#9625000
1J
12
#9630000
02
#9635000
1@
1L
12
#9640000
02
#9645000
0@
b100010 A
b11110000000000000000000000000000 I
1K
12
#9650000
02
#9655000
12
#9660000
02
#9665000
12
#9670000
02
#9675000
12
#9680000
02
#9685000
12
#9690000
02
#9695000
12
#9700000
02
#9705000
12
#9710000
02
#9715000
12
#9720000
02
0&
#9725000
0J
12
#9730000
02
#9735000
1?
0L
12
#9740000
02
#9745000
0?
b1110110011001000000000010101010000001000000000000000000000000110001011110011010000000000000000000000000000000000 M
0K
12
#9750000
02
#9755000
12
#9760000
02
#9765000
12
#9770000
02
#9775000
12
#9780000
02
#9785000
12
#9790000
02
#9795000
12
#9800000
02
#9805000
12
#9810000
02
#9815000
12
#9820000
02
b100010 3
b1010010100010010001101000000000011000000000000000000000000000000000000000000000000000000000000000000000000000000 /
#9825000
12
#9830000
02
#9835000
12
#9840000
02
#9845000
12
#9850000
02
#9855000
12
#9860000
02
#9865000
12
#9870000
02
#9875000
12
#9880000
02
#9885000
12
#9890000
02
#9895000
12
#9900000
02
1&
#9905000
1J
12
#9910000
02
#9915000
1@
1L
12
#9920000
02
#9925000
0@
b100011 A
b111100000000000000000000000000000 I
1K
12
#9930000
02
#9935000
12
#9940000
02
#9945000
12
#9950000
02
#9955000
12
#9960000
02
#9965000
12
#9970000
02
#9975000
12
#9980000
02
#9985000
12
#9990000
02
#9995000
12
#10000000
02
0&
#10005000
0J
12
#10010000
02
#10015000
1?
0L
12
#10020000
02
#10025000
0?
b1101100110010000000000101010100000010000000000000000000000001100010111100110100000000000000000000000000000000000 M
0K
12
#10030000
02
#10035000
12
#10040000
02
#10045000
12
#10050000
02
#10055000
12
#10060000
02
#10065000
12
#10070000
02
#10075000
12
#10080000
02
#10085000
12
#10090000
02
#10095000
12
#10100000
02
b100011 3
b1010010100010010001101000000000011100000000000000000000000000000000000000000000000000000000000000000000000000000 /
#10105000
12
#10110000
02
#10115000
12
#10120000
02
#10125000
12
#10130000
02
#10135000
12
#10140000
02
#10145000
12
#10150000
02
#10155000
12
#10160000
02
#10165000
12
#10170000
02
#10175000
12
#10180000
02
1&
#10185000
1J
12
#10190000
02
#10195000
1@
1L
12
#10200000
02
#10205000
0@
b100100 A
b1111000000000000000000000000000000 I
1K
12
#10210000
02
#10215000
12
#10220000
02
#10225000
12
#10230000
02
#10235000
12
#10240000
02
#10245000
12
#10250000
02
#10255000
12
#10260000
02
#10265000
12
#10270000
02
#10275000
12
#10280000
02
0&
#10285000
0J
12
#10290000
02
#10295000
1?
0L
12
#10300000
02
#10305000
0?
b1011001100100000000001010101000000100000000000000000000000011000101111001101000000000000000000000000000000000000 M
0K
12
#10310000
02
#10315000
12
#10320000
02
#10325000
12
#10330000
02
#10335000
12
#10340000
02
#10345000
12
#10350000
02
#10355000
12
#10360000
02
#10365000
12
#10370000
02
#10375000
12
#10380000
02
b100100 3
b1010010100010010001101000000000011110000000000000000000000000000000000000000000000000000000000000000000000000000 /
#10385000
12
#10390000
02
#10395000
12
#10400000
02
#10405000
12
#10410000
02
#10415000
12
#10420000
02
#10425000
12
#10430000
02
#10435000
12
#10440000
02
#10445000
12
#10450000
02
#10455000
12
#10460000
02
1&
#10465000
1J
12
#10470000
02
#10475000
1@
1L
12
#10480000
02
#10485000
0@
b100101 A
b11110000000000000000000000000000000 I
1K
12
#10490000
02
#10495000
12
#10500000
02
#10505000
12
#10510000
02
#10515000
12
#10520000
02
#10525000
12
#10530000
02
#10535000
12
#10540000
02
#10545000
12
#10550000
02
#10555000
12
#10560000
02
0&
#10565000
0J
12
#10570000
02
#10575000
1?
0L
12
#10580000
02
#10585000
0?
0#
0F
b110011001000000000010101010000001000000000000000000000000110001011110011010000000000000000000000000000000000000 M
0K
12
#10590000
02
#10595000
12
#10600000
02
#10605000
12
#10610000
02
#10615000
12
#10620000
02
#10625000
12
#10630000
02
#10635000
12
#10640000
02
#10645000
12
#10650000
02
#10655000
12
#10660000
02
b100101 3
b1010010100010010001101000000000011111000000000000000000000000000000000000000000000000000000000000000000000000000 /
#10665000
12
#10670000
02
#10675000
12
#10680000
02
#10685000
12
#10690000
02
#10695000
12
#10700000
02
#10705000
12
#10710000
02
#10715000
12
#10720000
02
#10725000
12
#10730000
02
#10735000
12
#10740000
02
1&
#10745000
1J
12
#10750000
02
#10755000
1@
1L
12
#10760000
02
#10765000
0@
b100110 A
b111100000000000000000000000000000000 I
1K
12
#10770000
02
#10775000
12
#10780000
02
#10785000
12
#10790000
02
#10795000
12
#10800000
02
#10805000
12
#10810000
02
#10815000
12
#10820000
02
#10825000
12
#10830000
02
#10835000
12
#10840000
02
0&
#10845000
0J
12
#10850000
02
#10855000
1?
0L
12
#10860000
02
#10865000
0?
1#
1F
b1100110010000000000101010100000010000000000000000000000001100010111100110100000000000000000000000000000000000000 M
0K
12
#10870000
02
#10875000
12
#10880000
02
#10885000
12
#10890000
02
#10895000
12
#10900000
02
#10905000
12
#10910000
02
#10915000
12
#10920000
02
#10925000
12
#10930000
02
#10935000
12
#10940000
02
b100110 3
00
#10945000
12
#10950000
02
#10955000
12
#10960000
02
#10965000
12
#10970000
02
#10975000
12
#10980000
02
#10985000
12
#10990000
02
#10995000
12
#11000000
02
#11005000
12
#11010000
02
#11015000
12
#11020000
02
1&
#11025000
1J
12
#11030000
02
#11035000
1@
1L
12
#11040000
02
#11045000
0@
b100111 A
b1111000000000000000000000000000000000 I
1K
12
#11050000
02
#11055000
12
#11060000
02
#11065000
12
#11070000
02
#11075000
12
#11080000
02
#11085000
12
#11090000
02
#11095000
12
#11100000
02
#11105000
12
#11110000
02
#11115000
12
#11120000
02
0&
#11125000
0J
12
#11130000
02
#11135000
1?
0L
12
#11140000
02
#11145000
0?
b1001100100000000001010101000000100000000000000000000000011000101111001101000000000000000000000000000000000000000 M
0K
12
#11150000
02
#11155000
12
#11160000
02
#11165000
12
#11170000
02
#11175000
12
#11180000
02
#11185000
12
#11190000
02
#11195000
12
#11200000
02
#11205000
12
#11210000
02
#11215000
12
#11220000
02
b100111 3
b1010010100010010001101000000000011111010000000000000000000000000000000000000000000000000000000000000000000000000 /
10
#11225000
12
#11230000
02
#11235000
12
#11240000
02
#11245000
12
#11250000
02
#11255000
12
#11260000
02
#11265000
12
#11270000
02
#11275000
12
#11280000
02
#11285000
12
#11290000
02
#11295000
12
#11300000
02
1&
#11305000
1J
12
#11310000
02
#11315000
1@
1L
12
#11320000
02
#11325000
0@
b101000 A
b11110000000000000000000000000000000000 I
1K
12
#11330000
02
#11335000
12
#11340000
02
#11345000
12
#11350000
02
#11355000
12
#11360000
02
#11365000
12
#11370000
02
#11375000
12
#11380000
02
#11385000
12
#11390000
02
#11395000
12
#11400000
02
0&
#11405000
0J
12
#11410000
02
#11415000
1?
0L
12
#11420000
02
#11425000
0?
0#
0F
b11001000000000010101010000001000000000000000000000000110001011110011010000000000000000000000000000000000000000 M
0K
12
#11430000
02
#11435000
12
#11440000
02
#11445000
12
#11450000
02
#11455000
12
#11460000
02
#11465000
12
#11470000
02
#11475000
12
#11480000
02
#11485000
12
#11490000
02
#11495000
12
#11500000
02
b101000 3
b1010010100010010001101000000000011111011000000000000000000000000000000000000000000000000000000000000000000000000 /
#11505000
12
#11510000
02
#11515000
12
#11520000
02
#11525000
12
#11530000
02
#11535000
12
#11540000
02
#11545000
12
#11550000
02
#11555000
12
#11560000
02
#11565000
12
#11570000
02
#11575000
12
#11580000
02
1&
#11585000
1J
12
#11590000
02
#11595000
1@
1L
12
#11600000
02
#11605000
0@
b101001 A
b111100000000000000000000000000000000000 I
1K
12
#11610000
02
#11615000
12
#11620000
02
#11625000
12
#11630000
02
#11635000
12
#11640000
02
#11645000
12
#11650000
02
#11655000
12
#11660000
02
#11665000
12
#11670000
02
#11675000
12
#11680000
02
0&
#11685000
0J
12
#11690000
02
#11695000
1?
0L
12
#11700000
02
#11705000
0?
b110010000000000101010100000010000000000000000000000001100010111100110100000000000000000000000000000000000000000 M
0K
12
#11710000
02
#11715000
12
#11720000
02
#11725000
12
#11730000
02
#11735000
12
#11740000
02
#11745000
12
#11750000
02
#11755000
12
#11760000
02
#11765000
12
#11770000
02
#11775000
12
#11780000
02
b101001 3
00
#11785000
12
#11790000
02
#11795000
12
#11800000
02
#11805000
12
#11810000
02
#11815000
12
#11820000
02
#11825000
12
#11830000
02
#11835000
12
#11840000
02
#11845000
12
#11850000
02
#11855000
12
#11860000
02
1&
#11865000
1J
12
#11870000
02
#11875000
1@
1L
12
#11880000
02
#11885000
0@
b101010 A
b1111000000000000000000000000000000000000 I
1K
12
#11890000
02
#11895000
12
#11900000
02
#11905000
12
#11910000
02
#11915000
12
#11920000
02
#11925000
12
#11930000
02
#11935000
12
#11940000
02
#11945000
12
#11950000
02
#11955000
12
#11960000
02
0&
#11965000
0J
12
#11970000
02
#11975000
1?
0L
12
#11980000
02
#11985000
0?
1#
1F
b1100100000000001010101000000100000000000000000000000011000101111001101000000000000000000000000000000000000000000 M
0K
12
#11990000
02
#11995000
12
#12000000
02
#12005000
12
#12010000
02
#12015000
12
#12020000
02
#12025000
12
#12030000
02
#12035000
12
#12040000
02
#12045000
12
#12050000
02
#12055000
12
#12060000
02
b101010 3
#12065000
12
#12070000
02
#12075000
12
#12080000
02
#12085000
12
#12090000
02
#12095000
12
#12100000
02
#12105000
12
#12110000
02
#12115000
12
#12120000
02
#12125000
12
#12130000
02
#12135000
12
#12140000
02
1&
#12145000
1J
12
#12150000
02
#12155000
1@
1L
12
#12160000
02
#12165000
0@
b101011 A
b11110000000000000000000000000000000000000 I
1K
12
#12170000
02
#12175000
12
#12180000
02
#12185000
12
#12190000
02
#12195000
12
#12200000
02
#12205000
12
#12210000
02
#12215000
12
#12220000
02
#12225000
12
#12230000
02
#12235000
12
#12240000
02
0&
#12245000
0J
12
#12250000
02
#12255000
1?
0L
12
#12260000
02
#12265000
0?
b1001000000000010101010000001000000000000000000000000110001011110011010000000000000000000000000000000000000000000 M
0K
12
#12270000
02
#12275000
12
#12280000
02
#12285000
12
#12290000
02
#12295000
12
#12300000
02
#12305000
12
#12310000
02
#12315000
12
#12320000
02
#12325000
12
#12330000
02
#12335000
12
#12340000
02
b101011 3
b1010010100010010001101000000000011111011001000000000000000000000000000000000000000000000000000000000000000000000 /
10
#12345000
12
#12350000
02
#12355000
12
#12360000
02
#12365000
12
#12370000
02
#12375000
12
#12380000
02
#12385000
12
#12390000
02
#12395000
12
#12400000
02
#12405000
12
#12410000
02
#12415000
12
#12420000
02
1&
#12425000
1J
12
#12430000
02
#12435000
1@
1L
12
#12440000
02
#12445000
0@
b101100 A
b111100000000000000000000000000000000000000 I
1K
12
#12450000
02
#12455000
12
#12460000
02
#12465000
12
#12470000
02
#12475000
12
#12480000
02
#12485000
12
#12490000
02
#12495000
12
#12500000
02
#12505000
12
#12510000
02
#12515000
12
#12520000
02
0&
#12525000
0J
12
#12530000
02
#12535000
1?
0L
12
#12540000
02
#12545000
0?
0#
0F
b10000000000101010100000010000000000000000000000001100010111100110100000000000000000000000000000000000000000000 M
0K
12
#12550000
02
#12555000
12
#12560000
02
#12565000
12
#12570000
02
#12575000
12
#12580000
02
#12585000
12
#12590000
02
#12595000
12
#12600000
02
#12605000
12
#12610000
02
#12615000
12
#12620000
02
b101100 3
b1010010100010010001101000000000011111011001100000000000000000000000000000000000000000000000000000000000000000000 /
#12625000
12
#12630000
02
#12635000
12
#12640000
02
#12645000
12
#12650000
02
#12655000
12
#12660000
02
#12665000
12
#12670000
02
#12675000
12
#12680000
02
#12685000
12
#12690000
02
#12695000
12
#12700000
02
1&
#12705000
1J
12
#12710000
02
#12715000
1@
1L
12
#12720000
02
#12725000
0@
b101101 A
b1111000000000000000000000000000000000000000 I
1K
12
#12730000
02
#12735000
12
#12740000
02
#12745000
12
#12750000
02
#12755000
12
#12760000
02
#12765000
12
#12770000
02
#12775000
12
#12780000
02
#12785000
12
#12790000
02
#12795000
12
#12800000
02
0&
#12805000
0J
12
#12810000
02
#12815000
1?
0L
12
#12820000
02
#12825000
0?
b100000000001010101000000100000000000000000000000011000101111001101000000000000000000000000000000000000000000000 M
0K
12
#12830000
02
#12835000
12
#12840000
02
#12845000
12
#12850000
02
#12855000
12
#12860000
02
#12865000
12
#12870000
02
#12875000
12
#12880000
02
#12885000
12
#12890000
02
#12895000
12
#12900000
02
b101101 3
00
#12905000
12
#12910000
02
#12915000
12
#12920000
02
#12925000
12
#12930000
02
#12935000
12
#12940000
02
#12945000
12
#12950000
02
#12955000
12
#12960000
02
#12965000
12
#12970000
02
#12975000
12
#12980000
02
1&
#12985000
1J
12
#12990000
02
#12995000
1@
1L
12
#13000000
02
#13005000
0@
b101110 A
b11110000000000000000000000000000000000000000 I
1K
12
#13010000
02
#13015000
12
#13020000
02
#13025000
12
#13030000
02
#13035000
12
#13040000
02
#13045000
12
#13050000
02
#13055000
12
#13060000
02
#13065000
12
#13070000
02
#13075000
12
#13080000
02
0&
#13085000
0J
12
#13090000
02
#13095000
1?
0L
12
#13100000
02
#13105000
0?
1#
1F
b1000000000010101010000001000000000000000000000000110001011110011010000000000000000000000000000000000000000000000 M
0K
12
#13110000
02
#13115000
12
#13120000
02
#13125000
12
#13130000
02
#13135000
12
#13140000
02
#13145000
12
#13150000
02
#13155000
12
#13160000
02
#13165000
12
#13170000
02
#13175000
12
#13180000
02
b101110 3
#13185000
12
#13190000
02
#13195000
12
#13200000
02
#13205000
12
#13210000
02
#13215000
12
#13220000
02
#13225000
12
#13230000
02
#13235000
12
#13240000
02
#13245000
12
#13250000
02
#13255000
12
#13260000
02
1&
#13265000
1J
12
#13270000
02
#13275000
1@
1L
12
#13280000
02
#13285000
0@
b101111 A
b111100000000000000000000000000000000000000000 I
1K
12
#13290000
02
#13295000
12
#13300000
02
#13305000
12
#13310000
02
#13315000
12
#13320000
02
#13325000
12
#13330000
02
#13335000
12
#13340000
02
#13345000
12
#13350000
02
#13355000
12
#13360000
02
0&
#13365000
0J
12
#13370000
02
#13375000
1?
0L
12
#13380000
02
#13385000
0?
0#
0F
b101010100000010000000000000000000000001100010111100110100000000000000000000000000000000000000000000000 M
0K
12
#13390000
02
#13395000
12
#13400000
02
#13405000
12
#13410000
02
#13415000
12
#13420000
02
#13425000
12
#13430000
02
#13435000
12
#13440000
02
#13445000
12
#13450000
02
#13455000
12
#13460000
02
b101111 3
b1010010100010010001101000000000011111011001100100000000000000000000000000000000000000000000000000000000000000000 /
10
#13465000
12
#13470000
02
#13475000
12
#13480000
02
#13485000
12
#13490000
02
#13495000
12
#13500000
02
#13505000
12
#13510000
02
#13515000
12
#13520000
02
#13525000
12
#13530000
02
#13535000
12
#13540000
02
1&
#13545000
1J
12
#13550000
02
#13555000
1@
1L
12
#13560000
02
#13565000
0@
b110000 A
b1111000000000000000000000000000000000000000000 I
1K
12
#13570000
02
#13575000
12
#13580000
02
#13585000
12
#13590000
02
#13595000
12
#13600000
02
#13605000
12
#13610000
02
#13615000
12
#13620000
02
#13625000
12
#13630000
02
#13635000
12
#13640000
02
0&
#13645000
0J
12
#13650000
02
#13655000
1?
0L
12
#13660000
02
#13665000
0?
b1010101000000100000000000000000000000011000101111001101000000000000000000000000000000000000000000000000 M
0K
12
#13670000
02
#13675000
12
#13680000
02
#13685000
12
#13690000
02
#13695000
12
#13700000
02
#13705000
12
#13710000
02
#13715000
12
#13720000
02
#13725000
12
#13730000
02
#13735000
12
#13740000
02
b110000 3
00
#13745000
12
#13750000
02
#13755000
12
#13760000
02
#13765000
12
#13770000
02
#13775000
12
#13780000
02
#13785000
12
#13790000
02
#13795000
12
#13800000
02
#13805000
12
#13810000
02
#13815000
12
#13820000
02
1&
#13825000
1J
12
#13830000
02
#13835000
1@
1L
12
#13840000
02
#13845000
0@
b110001 A
b11110000000000000000000000000000000000000000000 I
1K
12
#13850000
02
#13855000
12
#13860000
02
#13865000
12
#13870000
02
#13875000
12
#13880000
02
#13885000
12
#13890000
02
#13895000
12
#13900000
02
#13905000
12
#13910000
02
#13915000
12
#13920000
02
0&
#13925000
0J
12
#13930000
02
#13935000
1?
0L
12
#13940000
02
#13945000
0?
b10101010000001000000000000000000000000110001011110011010000000000000000000000000000000000000000000000000 M
0K
12
#13950000
02
#13955000
12
#13960000
02
#13965000
12
#13970000
02
#13975000
12
#13980000
02
#13985000
12
#13990000
02
#13995000
12
#14000000
02
#14005000
12
#14010000
02
#14015000
12
#14020000
02
b110001 3
#14025000
12
#14030000
02
#14035000
12
#14040000
02
#14045000
12
#14050000
02
#14055000
12
#14060000
02
#14065000
12
#14070000
02
#14075000
12
#14080000
02
#14085000
12
#14090000
02
#14095000
12
#14100000
02
1&
#14105000
1J
12
#14110000
02
#14115000
1@
1L
12
#14120000
02
#14125000
0@
b110010 A
b111100000000000000000000000000000000000000000000 I
1K
12
#14130000
02
#14135000
12
#14140000
02
#14145000
12
#14150000
02
#14155000
12
#14160000
02
#14165000
12
#14170000
02
#14175000
12
#14180000
02
#14185000
12
#14190000
02
#14195000
12
#14200000
02
0&
#14205000
0J
12
#14210000
02
#14215000
1?
0L
12
#14220000
02
#14225000
0?
b101010100000010000000000000000000000001100010111100110100000000000000000000000000000000000000000000000000 M
0K
12
#14230000
02
#14235000
12
#14240000
02
#14245000
12
#14250000
02
#14255000
12
#14260000
02
#14265000
12
#14270000
02
#14275000
12
#14280000
02
#14285000
12
#14290000
02
#14295000
12
#14300000
02
b110010 3
#14305000
12
#14310000
02
#14315000
12
#14320000
02
#14325000
12
#14330000
02
#14335000
12
#14340000
02
#14345000
12
#14350000
02
#14355000
12
#14360000
02
#14365000
12
#14370000
02
#14375000
12
#14380000
02
1&
#14385000
1J
12
#14390000
02
#14395000
1@
1L
12
#14400000
02
#14405000
0@
b110011 A
b1111000000000000000000000000000000000000000000000 I
1K
12
#14410000
02
#14415000
12
#14420000
02
#14425000
12
#14430000
02
#14435000
12
#14440000
02
#14445000
12
#14450000
02
#14455000
12
#14460000
02
#14465000
12
#14470000
02
#14475000
12
#14480000
02
0&
#14485000
0J
12
#14490000
02
#14495000
1?
0L
12
#14500000
02
#14505000
0?
b1010101000000100000000000000000000000011000101111001101000000000000000000000000000000000000000000000000000 M
0K
12
#14510000
02
#14515000
12
#14520000
02
#14525000
12
#14530000
02
#14535000
12
#14540000
02
#14545000
12
#14550000
02
#14555000
12
#14560000
02
#14565000
12
#14570000
02
#14575000
12
#14580000
02
b110011 3
#14585000
12
#14590000
02
#14595000
12
#14600000
02
#14605000
12
#14610000
02
#14615000
12
#14620000
02
#14625000
12
#14630000
02
#14635000
12
#14640000
02
#14645000
12
#14650000
02
#14655000
12
#14660000
02
1&
#14665000
1J
12
#14670000
02
#14675000
1@
1L
12
#14680000
02
#14685000
0@
b110100 A
b11110000000000000000000000000000000000000000000000 I
1K
12
#14690000
02
#14695000
12
#14700000
02
#14705000
12
#14710000
02
#14715000
12
#14720000
02
#14725000
12
#14730000
02
#14735000
12
#14740000
02
#14745000
12
#14750000
02
#14755000
12
#14760000
02
0&
#14765000
0J
12
#14770000
02
#14775000
1?
0L
12
#14780000
02
#14785000
0?
b10101010000001000000000000000000000000110001011110011010000000000000000000000000000000000000000000000000000 M
0K
12
#14790000
02
#14795000
12
#14800000
02
#14805000
12
#14810000
02
#14815000
12
#14820000
02
#14825000
12
#14830000
02
#14835000
12
#14840000
02
#14845000
12
#14850000
02
#14855000
12
#14860000
02
b110100 3
#14865000
12
#14870000
02
#14875000
12
#14880000
02
#14885000
12
#14890000
02
#14895000
12
#14900000
02
#14905000
12
#14910000
02
#14915000
12
#14920000
02
#14925000
12
#14930000
02
#14935000
12
#14940000
02
1&
#14945000
1J
12
#14950000
02
#14955000
1@
1L
12
#14960000
02
#14965000
0@
b110101 A
b111100000000000000000000000000000000000000000000000 I
1K
12
#14970000
02
#14975000
12
#14980000
02
#14985000
12
#14990000
02
#14995000
12
#15000000
02
#15005000
12
#15010000
02
#15015000
12
#15020000
02
#15025000
12
#15030000
02
#15035000
12
#15040000
02
0&
#15045000
0J
12
#15050000
02
#15055000
1?
0L
12
#15060000
02
#15065000
0?
b101010100000010000000000000000000000001100010111100110100000000000000000000000000000000000000000000000000000 M
0K
12
#15070000
02
#15075000
12
#15080000
02
#15085000
12
#15090000
02
#15095000
12
#15100000
02
#15105000
12
#15110000
02
#15115000
12
#15120000
02
#15125000
12
#15130000
02
#15135000
12
#15140000
02
b110101 3
#15145000
12
#15150000
02
#15155000
12
#15160000
02
#15165000
12
#15170000
02
#15175000
12
#15180000
02
#15185000
12
#15190000
02
#15195000
12
#15200000
02
#15205000
12
#15210000
02
#15215000
12
#15220000
02
1&
#15225000
1J
12
#15230000
02
#15235000
1@
1L
12
#15240000
02
#15245000
0@
b110110 A
b1111000000000000000000000000000000000000000000000000 I
1K
12
#15250000
02
#15255000
12
#15260000
02
#15265000
12
#15270000
02
#15275000
12
#15280000
02
#15285000
12
#15290000
02
#15295000
12
#15300000
02
#15305000
12
#15310000
02
#15315000
12
#15320000
02
0&
#15325000
0J
12
#15330000
02
#15335000
1?
0L
12
#15340000
02
#15345000
0?
b1010101000000100000000000000000000000011000101111001101000000000000000000000000000000000000000000000000000000 M
0K
12
#15350000
02
#15355000
12
#15360000
02
#15365000
12
#15370000
02
#15375000
12
#15380000
02
#15385000
12
#15390000
02
#15395000
12
#15400000
02
#15405000
12
#15410000
02
#15415000
12
#15420000
02
b110110 3
#15425000
12
#15430000
02
#15435000
12
#15440000
02
#15445000
12
#15450000
02
#15455000
12
#15460000
02
#15465000
12
#15470000
02
#15475000
12
#15480000
02
#15485000
12
#15490000
02
#15495000
12
#15500000
02
1&
#15505000
1J
12
#15510000
02
#15515000
1@
1L
12
#15520000
02
#15525000
0@
b110111 A
b11110000000000000000000000000000000000000000000000000 I
1K
12
#15530000
02
#15535000
12
#15540000
02
#15545000
12
#15550000
02
#15555000
12
#15560000
02
#15565000
12
#15570000
02
#15575000
12
#15580000
02
#15585000
12
#15590000
02
#15595000
12
#15600000
02
0&
#15605000
0J
12
#15610000
02
#15615000
1?
0L
12
#15620000
02
#15625000
0?
b10101010000001000000000000000000000000110001011110011010000000000000000000000000000000000000000000000000000000 M
0K
12
#15630000
02
#15635000
12
#15640000
02
#15645000
12
#15650000
02
#15655000
12
#15660000
02
#15665000
12
#15670000
02
#15675000
12
#15680000
02
#15685000
12
#15690000
02
#15695000
12
#15700000
02
b110111 3
#15705000
12
#15710000
02
#15715000
12
#15720000
02
#15725000
12
#15730000
02
#15735000
12
#15740000
02
#15745000
12
#15750000
02
#15755000
12
#15760000
02
#15765000
12
#15770000
02
#15775000
12
#15780000
02
1&
#15785000
1J
12
#15790000
02
#15795000
1@
1L
12
#15800000
02
#15805000
0@
b111000 A
b111100000000000000000000000000000000000000000000000000 I
1K
12
#15810000
02
#15815000
12
#15820000
02
#15825000
12
#15830000
02
#15835000
12
#15840000
02
#15845000
12
#15850000
02
#15855000
12
#15860000
02
#15865000
12
#15870000
02
#15875000
12
#15880000
02
0&
#15885000
0J
12
#15890000
02
#15895000
1?
0L
12
#15900000
02
#15905000
0?
b101010100000010000000000000000000000001100010111100110100000000000000000000000000000000000000000000000000000000 M
0K
12
#15910000
02
#15915000
12
#15920000
02
#15925000
12
#15930000
02
#15935000
12
#15940000
02
#15945000
12
#15950000
02
#15955000
12
#15960000
02
#15965000
12
#15970000
02
#15975000
12
#15980000
02
b111000 3
#15985000
12
#15990000
02
#15995000
12
#16000000
02
#16005000
12
#16010000
02
#16015000
12
#16020000
02
#16025000
12
#16030000
02
#16035000
12
#16040000
02
#16045000
12
#16050000
02
#16055000
12
#16060000
02
1&
#16065000
1J
12
#16070000
02
#16075000
1@
1L
12
#16080000
02
#16085000
0@
b111001 A
b1111000000000000000000000000000000000000000000000000000 I
1K
12
#16090000
02
#16095000
12
#16100000
02
#16105000
12
#16110000
02
#16115000
12
#16120000
02
#16125000
12
#16130000
02
#16135000
12
#16140000
02
#16145000
12
#16150000
02
#16155000
12
#16160000
02
0&
#16165000
0J
12
#16170000
02
#16175000
1?
0L
12
#16180000
02
#16185000
0?
1#
1F
b1010101000000100000000000000000000000011000101111001101000000000000000000000000000000000000000000000000000000000 M
0K
12
#16190000
02
#16195000
12
#16200000
02
#16205000
12
#16210000
02
#16215000
12
#16220000
02
#16225000
12
#16230000
02
#16235000
12
#16240000
02
#16245000
12
#16250000
02
#16255000
12
#16260000
02
b111001 3
#16265000
12
#16270000
02
#16275000
12
#16280000
02
#16285000
12
#16290000
02
#16295000
12
#16300000
02
#16305000
12
#16310000
02
#16315000
12
#16320000
02
#16325000
12
#16330000
02
#16335000
12
#16340000
02
1&
#16345000
1J
12
#16350000
02
#16355000
1@
1L
12
#16360000
02
#16365000
0@
b111010 A
b11110000000000000000000000000000000000000000000000000000 I
1K
12
#16370000
02
#16375000
12
#16380000
02
#16385000
12
#16390000
02
#16395000
12
#16400000
02
#16405000
12
#16410000
02
#16415000
12
#16420000
02
#16425000
12
#16430000
02
#16435000
12
#16440000
02
0&
#16445000
0J
12
#16450000
02
#16455000
1?
0L
12
#16460000
02
#16465000
0?
0#
0F
b101010000001000000000000000000000000110001011110011010000000000000000000000000000000000000000000000000000000000 M
0K
12
#16470000
02
#16475000
12
#16480000
02
#16485000
12
#16490000
02
#16495000
12
#16500000
02
#16505000
12
#16510000
02
#16515000
12
#16520000
02
#16525000
12
#16530000
02
#16535000
12
#16540000
02
b111010 3
b1010010100010010001101000000000011111011001100100000000001000000000000000000000000000000000000000000000000000000 /
10
#16545000
12
#16550000
02
#16555000
12
#16560000
02
#16565000
12
#16570000
02
#16575000
12
#16580000
02
#16585000
12
#16590000
02
#16595000
12
#16600000
02
#16605000
12
#16610000
02
#16615000
12
#16620000
02
1&
#16625000
1J
12
#16630000
02
#16635000
1@
1L
12
#16640000
02
#16645000
0@
b111011 A
b111100000000000000000000000000000000000000000000000000000 I
1K
12
#16650000
02
#16655000
12
#16660000
02
#16665000
12
#16670000
02
#16675000
12
#16680000
02
#16685000
12
#16690000
02
#16695000
12
#16700000
02
#16705000
12
#16710000
02
#16715000
12
#16720000
02
0&
#16725000
0J
12
#16730000
02
#16735000
1?
0L
12
#16740000
02
#16745000
0?
1#
1F
b1010100000010000000000000000000000001100010111100110100000000000000000000000000000000000000000000000000000000000 M
0K
12
#16750000
02
#16755000
12
#16760000
02
#16765000
12
#16770000
02
#16775000
12
#16780000
02
#16785000
12
#16790000
02
#16795000
12
#16800000
02
#16805000
12
#16810000
02
#16815000
12
#16820000
02
b111011 3
00
#16825000
12
#16830000
02
#16835000
12
#16840000
02
#16845000
12
#16850000
02
#16855000
12
#16860000
02
#16865000
12
#16870000
02
#16875000
12
#16880000
02
#16885000
12
#16890000
02
#16895000
12
#16900000
02
1&
#16905000
1J
12
#16910000
02
#16915000
1@
1L
12
#16920000
02
#16925000
0@
b111100 A
b1111000000000000000000000000000000000000000000000000000000 I
1K
12
#16930000
02
#16935000
12
#16940000
02
#16945000
12
#16950000
02
#16955000
12
#16960000
02
#16965000
12
#16970000
02
#16975000
12
#16980000
02
#16985000
12
#16990000
02
#16995000
12
#17000000
02
0&
#17005000
0J
12
#17010000
02
#17015000
1?
0L
12
#17020000
02
#17025000
0?
0#
0F
b101000000100000000000000000000000011000101111001101000000000000000000000000000000000000000000000000000000000000 M
0K
12
#17030000
02
#17035000
12
#17040000
02
#17045000
12
#17050000
02
#17055000
12
#17060000
02
#17065000
12
#17070000
02
#17075000
12
#17080000
02
#17085000
12
#17090000
02
#17095000
12
#17100000
02
b111100 3
b1010010100010010001101000000000011111011001100100000000001010000000000000000000000000000000000000000000000000000 /
10
#17105000
12
#17110000
02
#17115000
12
#17120000
02
#17125000
12
#17130000
02
#17135000
12
#17140000
02
#17145000
12
#17150000
02
#17155000
12
#17160000
02
#17165000
12
#17170000
02
#17175000
12
#17180000
02
1&
#17185000
1J
12
#17190000
02
#17195000
1@
1L
12
#17200000
02
#17205000
0@
b111101 A
b11110000000000000000000000000000000000000000000000000000000 I
1K
12
#17210000
02
#17215000
12
#17220000
02
#17225000
12
#17230000
02
#17235000
12
#17240000
02
#17245000
12
#17250000
02
#17255000
12
#17260000
02
#17265000
12
#17270000
02
#17275000
12
#17280000
02
0&
#17285000
0J
12
#17290000
02
#17295000
1?
0L
12
#17300000
02
#17305000
0?
1#
1F
b1010000001000000000000000000000000110001011110011010000000000000000000000000000000000000000000000000000000000000 M
0K
12
#17310000
02
#17315000
12
#17320000
02
#17325000
12
#17330000
02
#17335000
12
#17340000
02
#17345000
12
#17350000
02
#17355000
12
#17360000
02
#17365000
12
#17370000
02
#17375000
12
#17380000
02
b111101 3
00
#17385000
12
#17390000
02
#17395000
12
#17400000
02
#17405000
12
#17410000
02
#17415000
12
#17420000
02
#17425000
12
#17430000
02
#17435000
12
#17440000
02
#17445000
12
#17450000
02
#17455000
12
#17460000
02
1&
#17465000
1J
12
#17470000
02
#17475000
1@
1L
12
#17480000
02
#17485000
0@
b111110 A
b111100000000000000000000000000000000000000000000000000000000 I
1K
12
#17490000
02
#17495000
12
#17500000
02
#17505000
12
#17510000
02
#17515000
12
#17520000
02
#17525000
12
#17530000
02
#17535000
12
#17540000
02
#17545000
12
#17550000
02
#17555000
12
#17560000
02
0&
#17565000
0J
12
#17570000
02
#17575000
1?
0L
12
#17580000
02
#17585000
0?
0#
0F
b100000010000000000000000000000001100010111100110100000000000000000000000000000000000000000000000000000000000000 M
0K
12
#17590000
02
#17595000
12
#17600000
02
#17605000
12
#17610000
02
#17615000
12
#17620000
02
#17625000
12
#17630000
02
#17635000
12
#17640000
02
#17645000
12
#17650000
02
#17655000
12
#17660000
02
b111110 3
b1010010100010010001101000000000011111011001100100000000001010100000000000000000000000000000000000000000000000000 /
10
#17665000
12
#17670000
02
#17675000
12
#17680000
02
#17685000
12
#17690000
02
#17695000
12
#17700000
02
#17705000
12
#17710000
02
#17715000
12
#17720000
02
#17725000
12
#17730000
02
#17735000
12
#17740000
02
1&
#17745000
1J
12
#17750000
02
#17755000
1@
1L
12
#17760000
02
#17765000
0@
b111111 A
b1111000000000000000000000000000000000000000000000000000000000 I
1K
12
#17770000
02
#17775000
12
#17780000
02
#17785000
12
#17790000
02
#17795000
12
#17800000
02
#17805000
12
#17810000
02
#17815000
12
#17820000
02
#17825000
12
#17830000
02
#17835000
12
#17840000
02
0&
#17845000
0J
12
#17850000
02
#17855000
1?
0L
12
#17860000
02
#17865000
0?
1#
1F
b1000000100000000000000000000000011000101111001101000000000000000000000000000000000000000000000000000000000000000 M
0K
12
#17870000
02
#17875000
12
#17880000
02
#17885000
12
#17890000
02
#17895000
12
#17900000
02
#17905000
12
#17910000
02
#17915000
12
#17920000
02
#17925000
12
#17930000
02
#17935000
12
#17940000
02
b111111 3
00
#17945000
12
#17950000
02
#17955000
12
#17960000
02
#17965000
12
#17970000
02
#17975000
12
#17980000
02
#17985000
12
#17990000
02
#17995000
12
#18000000
02
#18005000
12
#18010000
02
#18015000
12
#18020000
02
1&
#18025000
1J
12
#18030000
02
#18035000
1@
1L
12
#18040000
02
#18045000
0@
b1000000 A
b11110000000000000000000000000000000000000000000000000000000000 I
1K
12
#18050000
02
#18055000
12
#18060000
02
#18065000
12
#18070000
02
#18075000
12
#18080000
02
#18085000
12
#18090000
02
#18095000
12
#18100000
02
#18105000
12
#18110000
02
#18115000
12
#18120000
02
0&
#18125000
0J
12
#18130000
02
#18135000
1?
0L
12
#18140000
02
#18145000
0?
0#
0F
b1000000000000000000000000110001011110011010000000000000000000000000000000000000000000000000000000000000000 M
0K
12
#18150000
02
#18155000
12
#18160000
02
#18165000
12
#18170000
02
#18175000
12
#18180000
02
#18185000
12
#18190000
02
#18195000
12
#18200000
02
#18205000
12
#18210000
02
#18215000
12
#18220000
02
b1000000 3
b1010010100010010001101000000000011111011001100100000000001010101000000000000000000000000000000000000000000000000 /
10
#18225000
12
#18230000
02
#18235000
12
#18240000
02
#18245000
12
#18250000
02
#18255000
12
#18260000
02
#18265000
12
#18270000
02
#18275000
12
#18280000
02
#18285000
12
#18290000
02
#18295000
12
#18300000
02
1&
#18305000
1J
12
#18310000
02
#18315000
1@
1L
12
#18320000
02
#18325000
0@
b1000001 A
b111100000000000000000000000000000000000000000000000000000000000 I
1K
12
#18330000
02
#18335000
12
#18340000
02
#18345000
12
#18350000
02
#18355000
12
#18360000
02
#18365000
12
#18370000
02
#18375000
12
#18380000
02
#18385000
12
#18390000
02
#18395000
12
#18400000
02
0&
#18405000
0J
12
#18410000
02
#18415000
1?
0L
12
#18420000
02
#18425000
0?
b10000000000000000000000001100010111100110100000000000000000000000000000000000000000000000000000000000000000 M
0K
12
#18430000
02
#18435000
12
#18440000
02
#18445000
12
#18450000
02
#18455000
12
#18460000
02
#18465000
12
#18470000
02
#18475000
12
#18480000
02
#18485000
12
#18490000
02
#18495000
12
#18500000
02
b1000001 3
00
#18505000
12
#18510000
02
#18515000
12
#18520000
02
#18525000
12
#18530000
02
#18535000
12
#18540000
02
#18545000
12
#18550000
02
#18555000
12
#18560000
02
#18565000
12
#18570000
02
#18575000
12
#18580000
02
1&
#18585000
1J
12
#18590000
02
#18595000
1@
1L
12
#18600000
02
#18605000
0@
b1000010 A
b1111000000000000000000000000000000000000000000000000000000000000 I
1K
12
#18610000
02
#18615000
12
#18620000
02
#18625000
12
#18630000
02
#18635000
12
#18640000
02
#18645000
12
#18650000
02
#18655000
12
#18660000
02
#18665000
12
#18670000
02
#18675000
12
#18680000
02
0&
#18685000
0J
12
#18690000
02
#18695000
1?
0L
12
#18700000
02
#18705000
0?
b100000000000000000000000011000101111001101000000000000000000000000000000000000000000000000000000000000000000 M
0K
12
#18710000
02
#18715000
12
#18720000
02
#18725000
12
#18730000
02
#18735000
12
#18740000
02
#18745000
12
#18750000
02
#18755000
12
#18760000
02
#18765000
12
#18770000
02
#18775000
12
#18780000
02
b1000010 3
#18785000
12
#18790000
02
#18795000
12
#18800000
02
#18805000
12
#18810000
02
#18815000
12
#18820000
02
#18825000
12
#18830000
02
#18835000
12
#18840000
02
#18845000
12
#18850000
02
#18855000
12
#18860000
02
1&
#18865000
1J
12
#18870000
02
#18875000
1@
1L
12
#18880000
02
#18885000
0@
b1000011 A
b11110000000000000000000000000000000000000000000000000000000000000 I
1K
12
#18890000
02
#18895000
12
#18900000
02
#18905000
12
#18910000
02
#18915000
12
#18920000
02
#18925000
12
#18930000
02
#18935000
12
#18940000
02
#18945000
12
#18950000
02
#18955000
12
#18960000
02
0&
#18965000
0J
12
#18970000
02
#18975000
1?
0L
12
#18980000
02
#18985000
0?
b1000000000000000000000000110001011110011010000000000000000000000000000000000000000000000000000000000000000000 M
0K
12
#18990000
02
#18995000
12
#19000000
02
#19005000
12
#19010000
02
#19015000
12
#19020000
02
#19025000
12
#19030000
02
#19035000
12
#19040000
02
#19045000
12
#19050000
02
#19055000
12
#19060000
02
b1000011 3
#19065000
12
#19070000
02
#19075000
12
#19080000
02
#19085000
12
#19090000
02
#19095000
12
#19100000
02
#19105000
12
#19110000
02
#19115000
12
#19120000
02
#19125000
12
#19130000
02
#19135000
12
#19140000
02
1&
#19145000
1J
12
#19150000
02
#19155000
1@
1L
12
#19160000
02
#19165000
0@
b1000100 A
b111100000000000000000000000000000000000000000000000000000000000000 I
1K
12
#19170000
02
#19175000
12
#19180000
02
#19185000
12
#19190000
02
#19195000
12
#19200000
02
#19205000
12
#19210000
02
#19215000
12
#19220000
02
#19225000
12
#19230000
02
#19235000
12
#19240000
02
0&
#19245000
0J
12
#19250000
02
#19255000
1?
0L
12
#19260000
02
#19265000
0?
b10000000000000000000000001100010111100110100000000000000000000000000000000000000000000000000000000000000000000 M
0K
12
#19270000
02
#19275000
12
#19280000
02
#19285000
12
#19290000
02
#19295000
12
#19300000
02
#19305000
12
#19310000
02
#19315000
12
#19320000
02
#19325000
12
#19330000
02
#19335000
12
#19340000
02
b1000100 3
#19345000
12
#19350000
02
#19355000
12
#19360000
02
#19365000
12
#19370000
02
#19375000
12
#19380000
02
#19385000
12
#19390000
02
#19395000
12
#19400000
02
#19405000
12
#19410000
02
#19415000
12
#19420000
02
1&
#19425000
1J
12
#19430000
02
#19435000
1@
1L
12
#19440000
02
#19445000
0@
b1000101 A
b1111000000000000000000000000000000000000000000000000000000000000000 I
1K
12
#19450000
02
#19455000
12
#19460000
02
#19465000
12
#19470000
02
#19475000
12
#19480000
02
#19485000
12
#19490000
02
#19495000
12
#19500000
02
#19505000
12
#19510000
02
#19515000
12
#19520000
02
0&
#19525000
0J
12
#19530000
02
#19535000
1?
0L
12
#19540000
02
#19545000
0?
b100000000000000000000000011000101111001101000000000000000000000000000000000000000000000000000000000000000000000 M
0K
12
#19550000
02
#19555000
12
#19560000
02
#19565000
12
#19570000
02
#19575000
12
#19580000
02
#19585000
12
#19590000
02
#19595000
12
#19600000
02
#19605000
12
#19610000
02
#19615000
12
#19620000
02
b1000101 3
#19625000
12
#19630000
02
#19635000
12
#19640000
02
#19645000
12
#19650000
02
#19655000
12
#19660000
02
#19665000
12
#19670000
02
#19675000
12
#19680000
02
#19685000
12
#19690000
02
#19695000
12
#19700000
02
1&
#19705000
1J
12
#19710000
02
#19715000
1@
1L
12
#19720000
02
#19725000
0@
b1000110 A
b11110000000000000000000000000000000000000000000000000000000000000000 I
1K
12
#19730000
02
#19735000
12
#19740000
02
#19745000
12
#19750000
02
#19755000
12
#19760000
02
#19765000
12
#19770000
02
#19775000
12
#19780000
02
#19785000
12
#19790000
02
#19795000
12
#19800000
02
0&
#19805000
0J
12
#19810000
02
#19815000
1?
0L
12
#19820000
02
#19825000
0?
1#
1F
b1000000000000000000000000110001011110011010000000000000000000000000000000000000000000000000000000000000000000000 M
0K
12
#19830000
02
#19835000
12
#19840000
02
#19845000
12
#19850000
02
#19855000
12
#19860000
02
#19865000
12
#19870000
02
#19875000
12
#19880000
02
#19885000
12
#19890000
02
#19895000
12
#19900000
02
b1000110 3
#19905000
12
#19910000
02
#19915000
12
#19920000
02
#19925000
12
#19930000
02
#19935000
12
#19940000
02
#19945000
12
#19950000
02
#19955000
12
#19960000
02
#19965000
12
#19970000
02
#19975000
12
#19980000
02
1&
#19985000
1J
12
#19990000
02
#19995000
1@
1L
12
#20000000
02
#20005000
0@
b1000111 A
b111100000000000000000000000000000000000000000000000000000000000000000 I
1K
12
#20010000
02
#20015000
12
#20020000
02
#20025000
12
#20030000
02
#20035000
12
#20040000
02
#20045000
12
#20050000
02
#20055000
12
#20060000
02
#20065000
12
#20070000
02
#20075000
12
#20080000
02
0&
#20085000
0J
12
#20090000
02
#20095000
1?
0L
12
#20100000
02
#20105000
0?
0#
0F
b1100010111100110100000000000000000000000000000000000000000000000000000000000000000000000 M
0K
12
#20110000
02
#20115000
12
#20120000
02
#20125000
12
#20130000
02
#20135000
12
#20140000
02
#20145000
12
#20150000
02
#20155000
12
#20160000
02
#20165000
12
#20170000
02
#20175000
12
#20180000
02
b1000111 3
b1010010100010010001101000000000011111011001100100000000001010101000000100000000000000000000000000000000000000000 /
10
#20185000
12
#20190000
02
#20195000
12
#20200000
02
#20205000
12
#20210000
02
#20215000
12
#20220000
02
#20225000
12
#20230000
02
#20235000
12
#20240000
02
#20245000
12
#20250000
02
#20255000
12
#20260000
02
1&
#20265000
1J
12
#20270000
02
#20275000
1@
1L
12
#20280000
02
#20285000
0@
b1001000 A
b1111000000000000000000000000000000000000000000000000000000000000000000 I
1K
12
#20290000
02
#20295000
12
#20300000
02
#20305000
12
#20310000
02
#20315000
12
#20320000
02
#20325000
12
#20330000
02
#20335000
12
#20340000
02
#20345000
12
#20350000
02
#20355000
12
#20360000
02
0&
#20365000
0J
12
#20370000
02
#20375000
1?
0L
12
#20380000
02
#20385000
0?
b11000101111001101000000000000000000000000000000000000000000000000000000000000000000000000 M
0K
12
#20390000
02
#20395000
12
#20400000
02
#20405000
12
#20410000
02
#20415000
12
#20420000
02
#20425000
12
#20430000
02
#20435000
12
#20440000
02
#20445000
12
#20450000
02
#20455000
12
#20460000
02
b1001000 3
00
#20465000
12
#20470000
02
#20475000
12
#20480000
02
#20485000
12
#20490000
02
#20495000
12
#20500000
02
#20505000
12
#20510000
02
#20515000
12
#20520000
02
#20525000
12
#20530000
02
#20535000
12
#20540000
02
1&
#20545000
1J
12
#20550000
02
#20555000
1@
1L
12
#20560000
02
#20565000
0@
b1001001 A
b11110000000000000000000000000000000000000000000000000000000000000000000 I
1K
12
#20570000
02
#20575000
12
#20580000
02
#20585000
12
#20590000
02
#20595000
12
#20600000
02
#20605000
12
#20610000
02
#20615000
12
#20620000
02
#20625000
12
#20630000
02
#20635000
12
#20640000
02
0&
#20645000
0J
12
#20650000
02
#20655000
1?
0L
12
#20660000
02
#20665000
0?
b110001011110011010000000000000000000000000000000000000000000000000000000000000000000000000 M
0K
12
#20670000
02
#20675000
12
#20680000
02
#20685000
12
#20690000
02
#20695000
12
#20700000
02
#20705000
12
#20710000
02
#20715000
12
#20720000
02
#20725000
12
#20730000
02
#20735000
12
#20740000
02
b1001001 3
#20745000
12
#20750000
02
#20755000
12
#20760000
02
#20765000
12
#20770000
02
#20775000
12
#20780000
02
#20785000
12
#20790000
02
#20795000
12
#20800000
02
#20805000
12
#20810000
02
#20815000
12
#20820000
02
1&
#20825000
1J
12
#20830000
02
#20835000
1@
1L
12
#20840000
02
#20845000
0@
b1001010 A
b111100000000000000000000000000000000000000000000000000000000000000000000 I
1K
12
#20850000
02
#20855000
12
#20860000
02
#20865000
12
#20870000
02
#20875000
12
#20880000
02
#20885000
12
#20890000
02
#20895000
12
#20900000
02
#20905000
12
#20910000
02
#20915000
12
#20920000
02
0&
#20925000
0J
12
#20930000
02
#20935000
1?
0L
12
#20940000
02
#20945000
0?
b1100010111100110100000000000000000000000000000000000000000000000000000000000000000000000000 M
0K
12
#20950000
02
#20955000
12
#20960000
02
#20965000
12
#20970000
02
#20975000
12
#20980000
02
#20985000
12
#20990000
02
#20995000
12
#21000000
02
#21005000
12
#21010000
02
#21015000
12
#21020000
02
b1001010 3
#21025000
12
#21030000
02
#21035000
12
#21040000
02
#21045000
12
#21050000
02
#21055000
12
#21060000
02
#21065000
12
#21070000
02
#21075000
12
#21080000
02
#21085000
12
#21090000
02
#21095000
12
#21100000
02
1&
#21105000
1J
12
#21110000
02
#21115000
1@
1L
12
#21120000
02
#21125000
0@
b1001011 A
b1111000000000000000000000000000000000000000000000000000000000000000000000 I
1K
12
#21130000
02
#21135000
12
#21140000
02
#21145000
12
#21150000
02
#21155000
12
#21160000
02
#21165000
12
#21170000
02
#21175000
12
#21180000
02
#21185000
12
#21190000
02
#21195000
12
#21200000
02
0&
#21205000
0J
12
#21210000
02
#21215000
1?
0L
12
#21220000
02
#21225000
0?
b11000101111001101000000000000000000000000000000000000000000000000000000000000000000000000000 M
0K
12
#21230000
02
#21235000
12
#21240000
02
#21245000
12
#21250000
02
#21255000
12
#21260000
02
#21265000
12
#21270000
02
#21275000
12
#21280000
02
#21285000
12
#21290000
02
#21295000
12
#21300000
02
b1001011 3
#21305000
12
#21310000
02
#21315000
12
#21320000
02
#21325000
12
#21330000
02
#21335000
12
#21340000
02
#21345000
12
#21350000
02
#21355000
12
#21360000
02
#21365000
12
#21370000
02
#21375000
12
#21380000
02
1&
#21385000
1J
12
#21390000
02
#21395000
1@
1L
12
#21400000
02
#21405000
0@
b1001100 A
b11110000000000000000000000000000000000000000000000000000000000000000000000 I
1K
12
#21410000
02
#21415000
12
#21420000
02
#21425000
12
#21430000
02
#21435000
12
#21440000
02
#21445000
12
#21450000
02
#21455000
12
#21460000
02
#21465000
12
#21470000
02
#21475000
12
#21480000
02
0&
#21485000
0J
12
#21490000
02
#21495000
1?
0L
12
#21500000
02
#21505000
0?
b110001011110011010000000000000000000000000000000000000000000000000000000000000000000000000000 M
0K
12
#21510000
02
#21515000
12
#21520000
02
#21525000
12
#21530000
02
#21535000
12
#21540000
02
#21545000
12
#21550000
02
#21555000
12
#21560000
02
#21565000
12
#21570000
02
#21575000
12
#21580000
02
b1001100 3
#21585000
12
#21590000
02
#21595000
12
#21600000
02
#21605000
12
#21610000
02
#21615000
12
#21620000
02
#21625000
12
#21630000
02
#21635000
12
#21640000
02
#21645000
12
#21650000
02
#21655000
12
#21660000
02
1&
#21665000
1J
12
#21670000
02
#21675000
1@
1L
12
#21680000
02
#21685000
0@
b1001101 A
b111100000000000000000000000000000000000000000000000000000000000000000000000 I
1K
12
#21690000
02
#21695000
12
#21700000
02
#21705000
12
#21710000
02
#21715000
12
#21720000
02
#21725000
12
#21730000
02
#21735000
12
#21740000
02
#21745000
12
#21750000
02
#21755000
12
#21760000
02
0&
#21765000
0J
12
#21770000
02
#21775000
1?
0L
12
#21780000
02
#21785000
0?
b1100010111100110100000000000000000000000000000000000000000000000000000000000000000000000000000 M
0K
12
#21790000
02
#21795000
12
#21800000
02
#21805000
12
#21810000
02
#21815000
12
#21820000
02
#21825000
12
#21830000
02
#21835000
12
#21840000
02
#21845000
12
#21850000
02
#21855000
12
#21860000
02
b1001101 3
#21865000
12
#21870000
02
#21875000
12
#21880000
02
#21885000
12
#21890000
02
#21895000
12
#21900000
02
#21905000
12
#21910000
02
#21915000
12
#21920000
02
#21925000
12
#21930000
02
#21935000
12
#21940000
02
1&
#21945000
1J
12
#21950000
02
#21955000
1@
1L
12
#21960000
02
#21965000
0@
b1001110 A
b1111000000000000000000000000000000000000000000000000000000000000000000000000 I
1K
12
#21970000
02
#21975000
12
#21980000
02
#21985000
12
#21990000
02
#21995000
12
#22000000
02
#22005000
12
#22010000
02
#22015000
12
#22020000
02
#22025000
12
#22030000
02
#22035000
12
#22040000
02
0&
#22045000
0J
12
#22050000
02
#22055000
1?
0L
12
#22060000
02
#22065000
0?
b11000101111001101000000000000000000000000000000000000000000000000000000000000000000000000000000 M
0K
12
#22070000
02
#22075000
12
#22080000
02
#22085000
12
#22090000
02
#22095000
12
#22100000
02
#22105000
12
#22110000
02
#22115000
12
#22120000
02
#22125000
12
#22130000
02
#22135000
12
#22140000
02
b1001110 3
#22145000
12
#22150000
02
#22155000
12
#22160000
02
#22165000
12
#22170000
02
#22175000
12
#22180000
02
#22185000
12
#22190000
02
#22195000
12
#22200000
02
#22205000
12
#22210000
02
#22215000
12
#22220000
02
1&
#22225000
1J
12
#22230000
02
#22235000
1@
1L
12
#22240000
02
#22245000
0@
b1001111 A
b11110000000000000000000000000000000000000000000000000000000000000000000000000 I
1K
12
#22250000
02
#22255000
12
#22260000
02
#22265000
12
#22270000
02
#22275000
12
#22280000
02
#22285000
12
#22290000
02
#22295000
12
#22300000
02
#22305000
12
#22310000
02
#22315000
12
#22320000
02
0&
#22325000
0J
12
#22330000
02
#22335000
1?
0L
12
#22340000
02
#22345000
0?
b110001011110011010000000000000000000000000000000000000000000000000000000000000000000000000000000 M
0K
12
#22350000
02
#22355000
12
#22360000
02
#22365000
12
#22370000
02
#22375000
12
#22380000
02
#22385000
12
#22390000
02
#22395000
12
#22400000
02
#22405000
12
#22410000
02
#22415000
12
#22420000
02
b1001111 3
#22425000
12
#22430000
02
#22435000
12
#22440000
02
#22445000
12
#22450000
02
#22455000
12
#22460000
02
#22465000
12
#22470000
02
#22475000
12
#22480000
02
#22485000
12
#22490000
02
#22495000
12
#22500000
02
1&
#22505000
1J
12
#22510000
02
#22515000
1@
1L
12
#22520000
02
#22525000
0@
b1010000 A
b111100000000000000000000000000000000000000000000000000000000000000000000000000 I
1K
12
#22530000
02
#22535000
12
#22540000
02
#22545000
12
#22550000
02
#22555000
12
#22560000
02
#22565000
12
#22570000
02
#22575000
12
#22580000
02
#22585000
12
#22590000
02
#22595000
12
#22600000
02
0&
#22605000
0J
12
#22610000
02
#22615000
1?
0L
12
#22620000
02
#22625000
0?
b1100010111100110100000000000000000000000000000000000000000000000000000000000000000000000000000000 M
0K
12
#22630000
02
#22635000
12
#22640000
02
#22645000
12
#22650000
02
#22655000
12
#22660000
02
#22665000
12
#22670000
02
#22675000
12
#22680000
02
#22685000
12
#22690000
02
#22695000
12
#22700000
02
b1010000 3
#22705000
12
#22710000
02
#22715000
12
#22720000
02
#22725000
12
#22730000
02
#22735000
12
#22740000
02
#22745000
12
#22750000
02
#22755000
12
#22760000
02
#22765000
12
#22770000
02
#22775000
12
#22780000
02
1&
#22785000
1J
12
#22790000
02
#22795000
1@
1L
12
#22800000
02
#22805000
0@
b1010001 A
b1111000000000000000000000000000000000000000000000000000000000000000000000000000 I
1K
12
#22810000
02
#22815000
12
#22820000
02
#22825000
12
#22830000
02
#22835000
12
#22840000
02
#22845000
12
#22850000
02
#22855000
12
#22860000
02
#22865000
12
#22870000
02
#22875000
12
#22880000
02
0&
#22885000
0J
12
#22890000
02
#22895000
1?
0L
12
#22900000
02
#22905000
0?
b11000101111001101000000000000000000000000000000000000000000000000000000000000000000000000000000000 M
0K
12
#22910000
02
#22915000
12
#22920000
02
#22925000
12
#22930000
02
#22935000
12
#22940000
02
#22945000
12
#22950000
02
#22955000
12
#22960000
02
#22965000
12
#22970000
02
#22975000
12
#22980000
02
b1010001 3
#22985000
12
#22990000
02
#22995000
12
#23000000
02
#23005000
12
#23010000
02
#23015000
12
#23020000
02
#23025000
12
#23030000
02
#23035000
12
#23040000
02
#23045000
12
#23050000
02
#23055000
12
#23060000
02
1&
#23065000
1J
12
#23070000
02
#23075000
1@
1L
12
#23080000
02
#23085000
0@
b1010010 A
b11110000000000000000000000000000000000000000000000000000000000000000000000000000 I
1K
12
#23090000
02
#23095000
12
#23100000
02
#23105000
12
#23110000
02
#23115000
12
#23120000
02
#23125000
12
#23130000
02
#23135000
12
#23140000
02
#23145000
12
#23150000
02
#23155000
12
#23160000
02
0&
#23165000
0J
12
#23170000
02
#23175000
1?
0L
12
#23180000
02
#23185000
0?
b110001011110011010000000000000000000000000000000000000000000000000000000000000000000000000000000000 M
0K
12
#23190000
02
#23195000
12
#23200000
02
#23205000
12
#23210000
02
#23215000
12
#23220000
02
#23225000
12
#23230000
02
#23235000
12
#23240000
02
#23245000
12
#23250000
02
#23255000
12
#23260000
02
b1010010 3
#23265000
12
#23270000
02
#23275000
12
#23280000
02
#23285000
12
#23290000
02
#23295000
12
#23300000
02
#23305000
12
#23310000
02
#23315000
12
#23320000
02
#23325000
12
#23330000
02
#23335000
12
#23340000
02
1&
#23345000
1J
12
#23350000
02
#23355000
1@
1L
12
#23360000
02
#23365000
0@
b1010011 A
b111100000000000000000000000000000000000000000000000000000000000000000000000000000 I
1K
12
#23370000
02
#23375000
12
#23380000
02
#23385000
12
#23390000
02
#23395000
12
#23400000
02
#23405000
12
#23410000
02
#23415000
12
#23420000
02
#23425000
12
#23430000
02
#23435000
12
#23440000
02
0&
#23445000
0J
12
#23450000
02
#23455000
1?
0L
12
#23460000
02
#23465000
0?
b1100010111100110100000000000000000000000000000000000000000000000000000000000000000000000000000000000 M
0K
12
#23470000
02
#23475000
12
#23480000
02
#23485000
12
#23490000
02
#23495000
12
#23500000
02
#23505000
12
#23510000
02
#23515000
12
#23520000
02
#23525000
12
#23530000
02
#23535000
12
#23540000
02
b1010011 3
#23545000
12
#23550000
02
#23555000
12
#23560000
02
#23565000
12
#23570000
02
#23575000
12
#23580000
02
#23585000
12
#23590000
02
#23595000
12
#23600000
02
#23605000
12
#23610000
02
#23615000
12
#23620000
02
1&
#23625000
1J
12
#23630000
02
#23635000
1@
1L
12
#23640000
02
#23645000
0@
b1010100 A
b1111000000000000000000000000000000000000000000000000000000000000000000000000000000 I
1K
12
#23650000
02
#23655000
12
#23660000
02
#23665000
12
#23670000
02
#23675000
12
#23680000
02
#23685000
12
#23690000
02
#23695000
12
#23700000
02
#23705000
12
#23710000
02
#23715000
12
#23720000
02
0&
#23725000
0J
12
#23730000
02
#23735000
1?
0L
12
#23740000
02
#23745000
0?
b11000101111001101000000000000000000000000000000000000000000000000000000000000000000000000000000000000 M
0K
12
#23750000
02
#23755000
12
#23760000
02
#23765000
12
#23770000
02
#23775000
12
#23780000
02
#23785000
12
#23790000
02
#23795000
12
#23800000
02
#23805000
12
#23810000
02
#23815000
12
#23820000
02
b1010100 3
#23825000
12
#23830000
02
#23835000
12
#23840000
02
#23845000
12
#23850000
02
#23855000
12
#23860000
02
#23865000
12
#23870000
02
#23875000
12
#23880000
02
#23885000
12
#23890000
02
#23895000
12
#23900000
02
1&
#23905000
1J
12
#23910000
02
#23915000
1@
1L
12
#23920000
02
#23925000
0@
b1010101 A
b11110000000000000000000000000000000000000000000000000000000000000000000000000000000 I
1K
12
#23930000
02
#23935000
12
#23940000
02
#23945000
12
#23950000
02
#23955000
12
#23960000
02
#23965000
12
#23970000
02
#23975000
12
#23980000
02
#23985000
12
#23990000
02
#23995000
12
#24000000
02
0&
#24005000
0J
12
#24010000
02
#24015000
1?
0L
12
#24020000
02
#24025000
0?
b110001011110011010000000000000000000000000000000000000000000000000000000000000000000000000000000000000 M
0K
12
#24030000
02
#24035000
12
#24040000
02
#24045000
12
#24050000
02
#24055000
12
#24060000
02
#24065000
12
#24070000
02
#24075000
12
#24080000
02
#24085000
12
#24090000
02
#24095000
12
#24100000
02
b1010101 3
#24105000
12
#24110000
02
#24115000
12
#24120000
02
#24125000
12
#24130000
02
#24135000
12
#24140000
02
#24145000
12
#24150000
02
#24155000
12
#24160000
02
#24165000
12
#24170000
02
#24175000
12
#24180000
02
1&
#24185000
1J
12
#24190000
02
#24195000
1@
1L
12
#24200000
02
#24205000
0@
b1010110 A
b111100000000000000000000000000000000000000000000000000000000000000000000000000000000 I
1K
12
#24210000
02
#24215000
12
#24220000
02
#24225000
12
#24230000
02
#24235000
12
#24240000
02
#24245000
12
#24250000
02
#24255000
12
#24260000
02
#24265000
12
#24270000
02
#24275000
12
#24280000
02
0&
#24285000
0J
12
#24290000
02
#24295000
1?
0L
12
#24300000
02
#24305000
0?
b1100010111100110100000000000000000000000000000000000000000000000000000000000000000000000000000000000000 M
0K
12
#24310000
02
#24315000
12
#24320000
02
#24325000
12
#24330000
02
#24335000
12
#24340000
02
#24345000
12
#24350000
02
#24355000
12
#24360000
02
#24365000
12
#24370000
02
#24375000
12
#24380000
02
b1010110 3
#24385000
12
#24390000
02
#24395000
12
#24400000
02
#24405000
12
#24410000
02
#24415000
12
#24420000
02
#24425000
12
#24430000
02
#24435000
12
#24440000
02
#24445000
12
#24450000
02
#24455000
12
#24460000
02
1&
#24465000
1J
12
#24470000
02
#24475000
1@
1L
12
#24480000
02
#24485000
0@
b1010111 A
b1111000000000000000000000000000000000000000000000000000000000000000000000000000000000 I
1K
12
#24490000
02
#24495000
12
#24500000
02
#24505000
12
#24510000
02
#24515000
12
#24520000
02
#24525000
12
#24530000
02
#24535000
12
#24540000
02
#24545000
12
#24550000
02
#24555000
12
#24560000
02
0&
#24565000
0J
12
#24570000
02
#24575000
1?
0L
12
#24580000
02
#24585000
0?
b11000101111001101000000000000000000000000000000000000000000000000000000000000000000000000000000000000000 M
0K
12
#24590000
02
#24595000
12
#24600000
02
#24605000
12
#24610000
02
#24615000
12
#24620000
02
#24625000
12
#24630000
02
#24635000
12
#24640000
02
#24645000
12
#24650000
02
#24655000
12
#24660000
02
b1010111 3
#24665000
12
#24670000
02
#24675000
12
#24680000
02
#24685000
12
#24690000
02
#24695000
12
#24700000
02
#24705000
12
#24710000
02
#24715000
12
#24720000
02
#24725000
12
#24730000
02
#24735000
12
#24740000
02
1&
#24745000
1J
12
#24750000
02
#24755000
1@
1L
12
#24760000
02
#24765000
0@
b1011000 A
b11110000000000000000000000000000000000000000000000000000000000000000000000000000000000 I
1K
12
#24770000
02
#24775000
12
#24780000
02
#24785000
12
#24790000
02
#24795000
12
#24800000
02
#24805000
12
#24810000
02
#24815000
12
#24820000
02
#24825000
12
#24830000
02
#24835000
12
#24840000
02
0&
#24845000
0J
12
#24850000
02
#24855000
1?
0L
12
#24860000
02
#24865000
0?
b110001011110011010000000000000000000000000000000000000000000000000000000000000000000000000000000000000000 M
0K
12
#24870000
02
#24875000
12
#24880000
02
#24885000
12
#24890000
02
#24895000
12
#24900000
02
#24905000
12
#24910000
02
#24915000
12
#24920000
02
#24925000
12
#24930000
02
#24935000
12
#24940000
02
b1011000 3
#24945000
12
#24950000
02
#24955000
12
#24960000
02
#24965000
12
#24970000
02
#24975000
12
#24980000
02
#24985000
12
#24990000
02
#24995000
12
#25000000
02
#25005000
12
#25010000
02
#25015000
12
#25020000
02
1&
#25025000
1J
12
#25030000
02
#25035000
1@
1L
12
#25040000
02
#25045000
0@
b1011001 A
b111100000000000000000000000000000000000000000000000000000000000000000000000000000000000 I
1K
12
#25050000
02
#25055000
12
#25060000
02
#25065000
12
#25070000
02
#25075000
12
#25080000
02
#25085000
12
#25090000
02
#25095000
12
#25100000
02
#25105000
12
#25110000
02
#25115000
12
#25120000
02
0&
#25125000
0J
12
#25130000
02
#25135000
1?
0L
12
#25140000
02
#25145000
0?
b1100010111100110100000000000000000000000000000000000000000000000000000000000000000000000000000000000000000 M
0K
12
#25150000
02
#25155000
12
#25160000
02
#25165000
12
#25170000
02
#25175000
12
#25180000
02
#25185000
12
#25190000
02
#25195000
12
#25200000
02
#25205000
12
#25210000
02
#25215000
12
#25220000
02
b1011001 3
#25225000
12
#25230000
02
#25235000
12
#25240000
02
#25245000
12
#25250000
02
#25255000
12
#25260000
02
#25265000
12
#25270000
02
#25275000
12
#25280000
02
#25285000
12
#25290000
02
#25295000
12
#25300000
02
1&
#25305000
1J
12
#25310000
02
#25315000
1@
1L
12
#25320000
02
#25325000
0@
b1011010 A
b1111000000000000000000000000000000000000000000000000000000000000000000000000000000000000 I
1K
12
#25330000
02
#25335000
12
#25340000
02
#25345000
12
#25350000
02
#25355000
12
#25360000
02
#25365000
12
#25370000
02
#25375000
12
#25380000
02
#25385000
12
#25390000
02
#25395000
12
#25400000
02
0&
#25405000
0J
12
#25410000
02
#25415000
1?
0L
12
#25420000
02
#25425000
0?
b11000101111001101000000000000000000000000000000000000000000000000000000000000000000000000000000000000000000 M
0K
12
#25430000
02
#25435000
12
#25440000
02
#25445000
12
#25450000
02
#25455000
12
#25460000
02
#25465000
12
#25470000
02
#25475000
12
#25480000
02
#25485000
12
#25490000
02
#25495000
12
#25500000
02
b1011010 3
#25505000
12
#25510000
02
#25515000
12
#25520000
02
#25525000
12
#25530000
02
#25535000
12
#25540000
02
#25545000
12
#25550000
02
#25555000
12
#25560000
02
#25565000
12
#25570000
02
#25575000
12
#25580000
02
1&
#25585000
1J
12
#25590000
02
#25595000
1@
1L
12
#25600000
02
#25605000
0@
b1011011 A
b11110000000000000000000000000000000000000000000000000000000000000000000000000000000000000 I
1K
12
#25610000
02
#25615000
12
#25620000
02
#25625000
12
#25630000
02
#25635000
12
#25640000
02
#25645000
12
#25650000
02
#25655000
12
#25660000
02
#25665000
12
#25670000
02
#25675000
12
#25680000
02
0&
#25685000
0J
12
#25690000
02
#25695000
1?
0L
12
#25700000
02
#25705000
0?
b110001011110011010000000000000000000000000000000000000000000000000000000000000000000000000000000000000000000 M
0K
12
#25710000
02
#25715000
12
#25720000
02
#25725000
12
#25730000
02
#25735000
12
#25740000
02
#25745000
12
#25750000
02
#25755000
12
#25760000
02
#25765000
12
#25770000
02
#25775000
12
#25780000
02
b1011011 3
#25785000
12
#25790000
02
#25795000
12
#25800000
02
#25805000
12
#25810000
02
#25815000
12
#25820000
02
#25825000
12
#25830000
02
#25835000
12
#25840000
02
#25845000
12
#25850000
02
#25855000
12
#25860000
02
1&
#25865000
1J
12
#25870000
02
#25875000
1@
1L
12
#25880000
02
#25885000
0@
b1011100 A
b111100000000000000000000000000000000000000000000000000000000000000000000000000000000000000 I
1K
12
#25890000
02
#25895000
12
#25900000
02
#25905000
12
#25910000
02
#25915000
12
#25920000
02
#25925000
12
#25930000
02
#25935000
12
#25940000
02
#25945000
12
#25950000
02
#25955000
12
#25960000
02
0&
#25965000
0J
12
#25970000
02
#25975000
1?
0L
12
#25980000
02
#25985000
0?
b1100010111100110100000000000000000000000000000000000000000000000000000000000000000000000000000000000000000000 M
0K
12
#25990000
02
#25995000
12
#26000000
02
#26005000
12
#26010000
02
#26015000
12
#26020000
02
#26025000
12
#26030000
02
#26035000
12
#26040000
02
#26045000
12
#26050000
02
#26055000
12
#26060000
02
b1011100 3
#26065000
12
#26070000
02
#26075000
12
#26080000
02
#26085000
12
#26090000
02
#26095000
12
#26100000
02
#26105000
12
#26110000
02
#26115000
12
#26120000
02
#26125000
12
#26130000
02
#26135000
12
#26140000
02
1&
#26145000
1J
12
#26150000
02
#26155000
1@
1L
12
#26160000
02
#26165000
0@
b1011101 A
b1111000000000000000000000000000000000000000000000000000000000000000000000000000000000000000 I
1K
12
#26170000
02
#26175000
12
#26180000
02
#26185000
12
#26190000
02
#26195000
12
#26200000
02
#26205000
12
#26210000
02
#26215000
12
#26220000
02
#26225000
12
#26230000
02
#26235000
12
#26240000
02
0&
#26245000
0J
12
#26250000
02
#26255000
1?
0L
12
#26260000
02
#26265000
0?
b11000101111001101000000000000000000000000000000000000000000000000000000000000000000000000000000000000000000000 M
0K
12
#26270000
02
#26275000
12
#26280000
02
#26285000
12
#26290000
02
#26295000
12
#26300000
02
#26305000
12
#26310000
02
#26315000
12
#26320000
02
#26325000
12
#26330000
02
#26335000
12
#26340000
02
b1011101 3
#26345000
12
#26350000
02
#26355000
12
#26360000
02
#26365000
12
#26370000
02
#26375000
12
#26380000
02
#26385000
12
#26390000
02
#26395000
12
#26400000
02
#26405000
12
#26410000
02
#26415000
12
#26420000
02
1&
#26425000
1J
12
#26430000
02
#26435000
1@
1L
12
#26440000
02
#26445000
0@
b1011110 A
b11110000000000000000000000000000000000000000000000000000000000000000000000000000000000000000 I
1K
12
#26450000
02
#26455000
12
#26460000
02
#26465000
12
#26470000
02
#26475000
12
#26480000
02
#26485000
12
#26490000
02
#26495000
12
#26500000
02
#26505000
12
#26510000
02
#26515000
12
#26520000
02
0&
#26525000
0J
12
#26530000
02
#26535000
1?
0L
12
#26540000
02
#26545000
0?
b110001011110011010000000000000000000000000000000000000000000000000000000000000000000000000000000000000000000000 M
0K
12
#26550000
02
#26555000
12
#26560000
02
#26565000
12
#26570000
02
#26575000
12
#26580000
02
#26585000
12
#26590000
02
#26595000
12
#26600000
02
#26605000
12
#26610000
02
#26615000
12
#26620000
02
b1011110 3
#26625000
12
#26630000
02
#26635000
12
#26640000
02
#26645000
12
#26650000
02
#26655000
12
#26660000
02
#26665000
12
#26670000
02
#26675000
12
#26680000
02
#26685000
12
#26690000
02
#26695000
12
#26700000
02
1&
#26705000
1J
12
#26710000
02
#26715000
1@
1L
12
#26720000
02
#26725000
0@
b1011111 A
b111100000000000000000000000000000000000000000000000000000000000000000000000000000000000000000 I
1K
12
#26730000
02
#26735000
12
#26740000
02
#26745000
12
#26750000
02
#26755000
12
#26760000
02
#26765000
12
#26770000
02
#26775000
12
#26780000
02
#26785000
12
#26790000
02
#26795000
12
#26800000
02
0&
#26805000
0J
12
#26810000
02
#26815000
1?
0L
12
#26820000
02
#26825000
0?
1#
1F
b1100010111100110100000000000000000000000000000000000000000000000000000000000000000000000000000000000000000000000 M
0K
12
#26830000
02
#26835000
12
#26840000
02
#26845000
12
#26850000
02
#26855000
12
#26860000
02
#26865000
12
#26870000
02
#26875000
12
#26880000
02
#26885000
12
#26890000
02
#26895000
12
#26900000
02
b1011111 3
#26905000
12
#26910000
02
#26915000
12
#26920000
02
#26925000
12
#26930000
02
#26935000
12
#26940000
02
#26945000
12
#26950000
02
#26955000
12
#26960000
02
#26965000
12
#26970000
02
#26975000
12
#26980000
02
1&
#26985000
1J
12
#26990000
02
#26995000
1@
1L
12
#27000000
02
#27005000
0@
b1100000 A
b1111000000000000000000000000000000000000000000000000000000000000000000000000000000000000000000 I
1K
12
#27010000
02
#27015000
12
#27020000
02
#27025000
12
#27030000
02
#27035000
12
#27040000
02
#27045000
12
#27050000
02
#27055000
12
#27060000
02
#27065000
12
#27070000
02
#27075000
12
#27080000
02
0&
#27085000
0J
12
#27090000
02
#27095000
1?
0L
12
#27100000
02
#27105000
0?
b1000101111001101000000000000000000000000000000000000000000000000000000000000000000000000000000000000000000000000 M
0K
12
#27110000
02
#27115000
12
#27120000
02
#27125000
12
#27130000
02
#27135000
12
#27140000
02
#27145000
12
#27150000
02
#27155000
12
#27160000
02
#27165000
12
#27170000
02
#27175000
12
#27180000
02
b1100000 3
b1010010100010010001101000000000011111011001100100000000001010101000000100000000000000000000000010000000000000000 /
10
#27185000
12
#27190000
02
#27195000
12
#27200000
02
#27205000
12
#27210000
02
#27215000
12
#27220000
02
#27225000
12
#27230000
02
#27235000
12
#27240000
02
#27245000
12
#27250000
02
#27255000
12
#27260000
02
1&
#27265000
1J
12
#27270000
02
#27275000
1@
1L
12
#27280000
02
#27285000
0@
b1100001 A
b11110000000000000000000000000000000000000000000000000000000000000000000000000000000000000000000 I
1K
12
#27290000
02
#27295000
12
#27300000
02
#27305000
12
#27310000
02
#27315000
12
#27320000
02
#27325000
12
#27330000
02
#27335000
12
#27340000
02
#27345000
12
#27350000
02
#27355000
12
#27360000
02
0&
#27365000
0J
12
#27370000
02
#27375000
1?
0L
12
#27380000
02
#27385000
0?
0#
0F
b1011110011010000000000000000000000000000000000000000000000000000000000000000000000000000000000000000000000000 M
0K
12
#27390000
02
#27395000
12
#27400000
02
#27405000
12
#27410000
02
#27415000
12
#27420000
02
#27425000
12
#27430000
02
#27435000
12
#27440000
02
#27445000
12
#27450000
02
#27455000
12
#27460000
02
b1100001 3
b1010010100010010001101000000000011111011001100100000000001010101000000100000000000000000000000011000000000000000 /
#27465000
12
#27470000
02
#27475000
12
#27480000
02
#27485000
12
#27490000
02
#27495000
12
#27500000
02
#27505000
12
#27510000
02
#27515000
12
#27520000
02
#27525000
12
#27530000
02
#27535000
12
#27540000
02
1&
#27545000
1J
12
#27550000
02
#27555000
1@
1L
12
#27560000
02
#27565000
0@
b1100010 A
b111100000000000000000000000000000000000000000000000000000000000000000000000000000000000000000000 I
1K
12
#27570000
02
#27575000
12
#27580000
02
#27585000
12
#27590000
02
#27595000
12
#27600000
02
#27605000
12
#27610000
02
#27615000
12
#27620000
02
#27625000
12
#27630000
02
#27635000
12
#27640000
02
0&
#27645000
0J
12
#27650000
02
#27655000
1?
0L
12
#27660000
02
#27665000
0?
b10111100110100000000000000000000000000000000000000000000000000000000000000000000000000000000000000000000000000 M
0K
12
#27670000
02
#27675000
12
#27680000
02
#27685000
12
#27690000
02
#27695000
12
#27700000
02
#27705000
12
#27710000
02
#27715000
12
#27720000
02
#27725000
12
#27730000
02
#27735000
12
#27740000
02
b1100010 3
00
#27745000
12
#27750000
02
#27755000
12
#27760000
02
#27765000
12
#27770000
02
#27775000
12
#27780000
02
#27785000
12
#27790000
02
#27795000
12
#27800000
02
#27805000
12
#27810000
02
#27815000
12
#27820000
02
1&
#27825000
1J
12
#27830000
02
#27835000
1@
1L
12
#27840000
02
#27845000
0@
b1100011 A
b1111000000000000000000000000000000000000000000000000000000000000000000000000000000000000000000000 I
1K
12
#27850000
02
#27855000
12
#27860000
02
#27865000
12
#27870000
02
#27875000
12
#27880000
02
#27885000
12
#27890000
02
#27895000
12
#27900000
02
#27905000
12
#27910000
02
#27915000
12
#27920000
02
0&
#27925000
0J
12
#27930000
02
#27935000
1?
0L
12
#27940000
02
#27945000
0?
b101111001101000000000000000000000000000000000000000000000000000000000000000000000000000000000000000000000000000 M
0K
12
#27950000
02
#27955000
12
#27960000
02
#27965000
12
#27970000
02
#27975000
12
#27980000
02
#27985000
12
#27990000
02
#27995000
12
#28000000
02
#28005000
12
#28010000
02
#28015000
12
#28020000
02
b1100011 3
#28025000
12
#28030000
02
#28035000
12
#28040000
02
#28045000
12
#28050000
02
#28055000
12
#28060000
02
#28065000
12
#28070000
02
#28075000
12
#28080000
02
#28085000
12
#28090000
02
#28095000
12
#28100000
02
1&
#28105000
1J
12
#28110000
02
#28115000
1@
1L
12
#28120000
02
#28125000
0@
b1100100 A
b11110000000000000000000000000000000000000000000000000000000000000000000000000000000000000000000000 I
1K
12
#28130000
02
#28135000
12
#28140000
02
#28145000
12
#28150000
02
#28155000
12
#28160000
02
#28165000
12
#28170000
02
#28175000
12
#28180000
02
#28185000
12
#28190000
02
#28195000
12
#28200000
02
0&
#28205000
0J
12
#28210000
02
#28215000
1?
0L
12
#28220000
02
#28225000
0?
1#
1F
b1011110011010000000000000000000000000000000000000000000000000000000000000000000000000000000000000000000000000000 M
0K
12
#28230000
02
#28235000
12
#28240000
02
#28245000
12
#28250000
02
#28255000
12
#28260000
02
#28265000
12
#28270000
02
#28275000
12
#28280000
02
#28285000
12
#28290000
02
#28295000
12
#28300000
02
b1100100 3
#28305000
12
#28310000
02
#28315000
12
#28320000
02
#28325000
12
#28330000
02
#28335000
12
#28340000
02
#28345000
12
#28350000
02
#28355000
12
#28360000
02
#28365000
12
#28370000
02
#28375000
12
#28380000
02
1&
#28385000
1J
12
#28390000
02
#28395000
1@
1L
12
#28400000
02
#28405000
0@
b1100101 A
b111100000000000000000000000000000000000000000000000000000000000000000000000000000000000000000000000 I
1K
12
#28410000
02
#28415000
12
#28420000
02
#28425000
12
#28430000
02
#28435000
12
#28440000
02
#28445000
12
#28450000
02
#28455000
12
#28460000
02
#28465000
12
#28470000
02
#28475000
12
#28480000
02
0&
#28485000
0J
12
#28490000
02
#28495000
1?
0L
12
#28500000
02
#28505000
0?
0#
0F
b111100110100000000000000000000000000000000000000000000000000000000000000000000000000000000000000000000000000000 M
0K
12
#28510000
02
#28515000
12
#28520000
02
#28525000
12
#28530000
02
#28535000
12
#28540000
02
#28545000
12
#28550000
02
#28555000
12
#28560000
02
#28565000
12
#28570000
02
#28575000
12
#28580000
02
b1100101 3
b1010010100010010001101000000000011111011001100100000000001010101000000100000000000000000000000011000100000000000 /
10
#28585000
12
#28590000
02
#28595000
12
#28600000
02
#28605000
12
#28610000
02
#28615000
12
#28620000
02
#28625000
12
#28630000
02
#28635000
12
#28640000
02
#28645000
12
#28650000
02
#28655000
12
#28660000
02
1&
#28665000
1J
12
#28670000
02
#28675000
1@
1L
12
#28680000
02
#28685000
0@
b1100110 A
b1111000000000000000000000000000000000000000000000000000000000000000000000000000000000000000000000000 I
1K
12
#28690000
02
#28695000
12
#28700000
02
#28705000
12
#28710000
02
#28715000
12
#28720000
02
#28725000
12
#28730000
02
#28735000
12
#28740000
02
#28745000
12
#28750000
02
#28755000
12
#28760000
02
0&
#28765000
0J
12
#28770000
02
#28775000
1?
0L
12
#28780000
02
#28785000
0?
1#
1F
b1111001101000000000000000000000000000000000000000000000000000000000000000000000000000000000000000000000000000000 M
0K
12
#28790000
02
#28795000
12
#28800000
02
#28805000
12
#28810000
02
#28815000
12
#28820000
02
#28825000
12
#28830000
02
#28835000
12
#28840000
02
#28845000
12
#28850000
02
#28855000
12
#28860000
02
b1100110 3
00
#28865000
12
#28870000
02
#28875000
12
#28880000
02
#28885000
12
#28890000
02
#28895000
12
#28900000
02
#28905000
12
#28910000
02
#28915000
12
#28920000
02
#28925000
12
#28930000
02
#28935000
12
#28940000
02
1&
#28945000
1J
12
#28950000
02
#28955000
1@
1L
12
#28960000
02
#28965000
0@
b1100111 A
b11110000000000000000000000000000000000000000000000000000000000000000000000000000000000000000000000000 I
1K
12
#28970000
02
#28975000
12
#28980000
02
#28985000
12
#28990000
02
#28995000
12
#29000000
02
#29005000
12
#29010000
02
#29015000
12
#29020000
02
#29025000
12
#29030000
02
#29035000
12
#29040000
02
0&
#29045000
0J
12
#29050000
02
#29055000
1?
0L
12
#29060000
02
#29065000
0?
b1110011010000000000000000000000000000000000000000000000000000000000000000000000000000000000000000000000000000000 M
0K
12
#29070000
02
#29075000
12
#29080000
02
#29085000
12
#29090000
02
#29095000
12
#29100000
02
#29105000
12
#29110000
02
#29115000
12
#29120000
02
#29125000
12
#29130000
02
#29135000
12
#29140000
02
b1100111 3
b1010010100010010001101000000000011111011001100100000000001010101000000100000000000000000000000011000101000000000 /
10
#29145000
12
#29150000
02
#29155000
12
#29160000
02
#29165000
12
#29170000
02
#29175000
12
#29180000
02
#29185000
12
#29190000
02
#29195000
12
#29200000
02
#29205000
12
#29210000
02
#29215000
12
#29220000
02
1&
#29225000
1J
12
#29230000
02
#29235000
1@
1L
12
#29240000
02
#29245000
0@
b1101000 A
b111100000000000000000000000000000000000000000000000000000000000000000000000000000000000000000000000000 I
1K
12
#29250000
02
#29255000
12
#29260000
02
#29265000
12
#29270000
02
#29275000
12
#29280000
02
#29285000
12
#29290000
02
#29295000
12
#29300000
02
#29305000
12
#29310000
02
#29315000
12
#29320000
02
0&
#29325000
0J
12
#29330000
02
#29335000
1?
0L
12
#29340000
02
#29345000
0?
b1100110100000000000000000000000000000000000000000000000000000000000000000000000000000000000000000000000000000000 M
0K
12
#29350000
02
#29355000
12
#29360000
02
#29365000
12
#29370000
02
#29375000
12
#29380000
02
#29385000
12
#29390000
02
#29395000
12
#29400000
02
#29405000
12
#29410000
02
#29415000
12
#29420000
02
b1101000 3
b1010010100010010001101000000000011111011001100100000000001010101000000100000000000000000000000011000101100000000 /
#29425000
12
#29430000
02
#29435000
12
#29440000
02
#29445000
12
#29450000
02
#29455000
12
#29460000
02
#29465000
12
#29470000
02
#29475000
12
#29480000
02
#29485000
12
#29490000
02
#29495000
12
#29500000
02
1&
#29505000
1J
12
#29510000
02
#29515000
1@
1L
12
#29520000
02
#29525000
0@
b1101001 A
b1111000000000000000000000000000000000000000000000000000000000000000000000000000000000000000000000000000 I
1K
12
#29530000
02
#29535000
12
#29540000
02
#29545000
12
#29550000
02
#29555000
12
#29560000
02
#29565000
12
#29570000
02
#29575000
12
#29580000
02
#29585000
12
#29590000
02
#29595000
12
#29600000
02
0&
#29605000
0J
12
#29610000
02
#29615000
1?
0L
12
#29620000
02
#29625000
0?
b1001101000000000000000000000000000000000000000000000000000000000000000000000000000000000000000000000000000000000 M
0K
12
#29630000
02
#29635000
12
#29640000
02
#29645000
12
#29650000
02
#29655000
12
#29660000
02
#29665000
12
#29670000
02
#29675000
12
#29680000
02
#29685000
12
#29690000
02
#29695000
12
#29700000
02
b1101001 3
b1010010100010010001101000000000011111011001100100000000001010101000000100000000000000000000000011000101110000000 /
#29705000
12
#29710000
02
#29715000
12
#29720000
02
#29725000
12
#29730000
02
#29735000
12
#29740000
02
#29745000
12
#29750000
02
#29755000
12
#29760000
02
#29765000
12
#29770000
02
#29775000
12
#29780000
02
1&
#29785000
1J
12
#29790000
02
#29795000
1@
1L
12
#29800000
02
#29805000
0@
b1101010 A
b11110000000000000000000000000000000000000000000000000000000000000000000000000000000000000000000000000000 I
1K
12
#29810000
02
#29815000
12
#29820000
02
#29825000
12
#29830000
02
#29835000
12
#29840000
02
#29845000
12
#29850000
02
#29855000
12
#29860000
02
#29865000
12
#29870000
02
#29875000
12
#29880000
02
0&
#29885000
0J
12
#29890000
02
#29895000
1?
0L
12
#29900000
02
#29905000
0?
0#
0F
b11010000000000000000000000000000000000000000000000000000000000000000000000000000000000000000000000000000000000 M
0K
12
#29910000
02
#29915000
12
#29920000
02
#29925000
12
#29930000
02
#29935000
12
#29940000
02
#29945000
12
#29950000
02
#29955000
12
#29960000
02
#29965000
12
#29970000
02
#29975000
12
#29980000
02
b1101010 3
b1010010100010010001101000000000011111011001100100000000001010101000000100000000000000000000000011000101111000000 /
#29985000
12
#29990000
02
#29995000
12
#30000000
02
#30005000
12
#30010000
02
#30015000
12
#30020000
02
#30025000
12
#30030000
02
#30035000
12
#30040000
02
#30045000
12
#30050000
02
#30055000
12
#30060000
02
1&
#30065000
1J
12
#30070000
02
#30075000
1@
1L
12
#30080000
02
#30085000
0@
b1101011 A
b111100000000000000000000000000000000000000000000000000000000000000000000000000000000000000000000000000000 I
1K
12
#30090000
02
#30095000
12
#30100000
02
#30105000
12
#30110000
02
#30115000
12
#30120000
02
#30125000
12
#30130000
02
#30135000
12
#30140000
02
#30145000
12
#30150000
02
#30155000
12
#30160000
02
0&
#30165000
0J
12
#30170000
02
#30175000
1?
0L
12
#30180000
02
#30185000
0?
b110100000000000000000000000000000000000000000000000000000000000000000000000000000000000000000000000000000000000 M
0K
12
#30190000
02
#30195000
12
#30200000
02
#30205000
12
#30210000
02
#30215000
12
#30220000
02
#30225000
12
#30230000
02
#30235000
12
#30240000
02
#30245000
12
#30250000
02
#30255000
12
#30260000
02
b1101011 3
00
#30265000
12
#30270000
02
#30275000
12
#30280000
02
#30285000
12
#30290000
02
#30295000
12
#30300000
02
#30305000
12
#30310000
02
#30315000
12
#30320000
02
#30325000
12
#30330000
02
#30335000
12
#30340000
02
1&
#30345000
1J
12
#30350000
02
#30355000
1@
1L
12
#30360000
02
#30365000
0@
b1101100 A
b1111000000000000000000000000000000000000000000000000000000000000000000000000000000000000000000000000000000 I
1K
12
#30370000
02
#30375000
12
#30380000
02
#30385000
12
#30390000
02
#30395000
12
#30400000
02
#30405000
12
#30410000
02
#30415000
12
#30420000
02
#30425000
12
#30430000
02
#30435000
12
#30440000
02
0&
#30445000
0J
12
#30450000
02
#30455000
1?
0L
12
#30460000
02
#30465000
0?
1#
1F
b1101000000000000000000000000000000000000000000000000000000000000000000000000000000000000000000000000000000000000 M
0K
12
#30470000
02
#30475000
12
#30480000
02
#30485000
12
#30490000
02
#30495000
12
#30500000
02
#30505000
12
#30510000
02
#30515000
12
#30520000
02
#30525000
12
#30530000
02
#30535000
12
#30540000
02
b1101100 3
#30545000
12
#30550000
02
#30555000
12
#30560000
02
#30565000
12
#30570000
02
#30575000
12
#30580000
02
#30585000
12
#30590000
02
#30595000
12
#30600000
02
#30605000
12
#30610000
02
#30615000
12
#30620000
02
1&
#30625000
1J
12
#30630000
02
#30635000
1@
1L
12
#30640000
02
#30645000
0@
b1101101 A
b11110000000000000000000000000000000000000000000000000000000000000000000000000000000000000000000000000000000 I
1K
12
#30650000
02
#30655000
12
#30660000
02
#30665000
12
#30670000
02
#30675000
12
#30680000
02
#30685000
12
#30690000
02
#30695000
12
#30700000
02
#30705000
12
#30710000
02
#30715000
12
#30720000
02
0&
#30725000
0J
12
#30730000
02
#30735000
1?
0L
12
#30740000
02
#30745000
0?
b1010000000000000000000000000000000000000000000000000000000000000000000000000000000000000000000000000000000000000 M
0K
12
#30750000
02
#30755000
12
#30760000
02
#30765000
12
#30770000
02
#30775000
12
#30780000
02
#30785000
12
#30790000
02
#30795000
12
#30800000
02
#30805000
12
#30810000
02
#30815000
12
#30820000
02
b1101101 3
b1010010100010010001101000000000011111011001100100000000001010101000000100000000000000000000000011000101111001000 /
10
#30825000
12
#30830000
02
#30835000
12
#30840000
02
#30845000
12
#30850000
02
#30855000
12
#30860000
02
#30865000
12
#30870000
02
#30875000
12
#30880000
02
#30885000
12
#30890000
02
#30895000
12
#30900000
02
1&
#30905000
1J
12
#30910000
02
#30915000
1@
1L
12
#30920000
02
#30925000
0@
b1101110 A
b111100000000000000000000000000000000000000000000000000000000000000000000000000000000000000000000000000000000 I
1K
12
#30930000
02
#30935000
12
#30940000
02
#30945000
12
#30950000
02
#30955000
12
#30960000
02
#30965000
12
#30970000
02
#30975000
12
#30980000
02
#30985000
12
#30990000
02
#30995000
12
#31000000
02
0&
#31005000
0J
12
#31010000
02
#31015000
1?
0L
12
#31020000
02
#31025000
0?
0#
0F
b100000000000000000000000000000000000000000000000000000000000000000000000000000000000000000000000000000000000000 M
0K
12
#31030000
02
#31035000
12
#31040000
02
#31045000
12
#31050000
02
#31055000
12
#31060000
02
#31065000
12
#31070000
02
#31075000
12
#31080000
02
#31085000
12
#31090000
02
#31095000
12
#31100000
02
b1101110 3
b1010010100010010001101000000000011111011001100100000000001010101000000100000000000000000000000011000101111001100 /
#31105000
12
#31110000
02
#31115000
12
#31120000
02
#31125000
12
#31130000
02
#31135000
12
#31140000
02
#31145000
12
#31150000
02
#31155000
12
#31160000
02
#31165000
12
#31170000
02
#31175000
12
#31180000
02
1&
#31185000
1J
12
#31190000
02
#31195000
1@
1L
12
#31200000
02
#31205000
0@
b1101111 A
b1111000000000000000000000000000000000000000000000000000000000000000000000000000000000000000000000000000000000 I
1K
12
#31210000
02
#31215000
12
#31220000
02
#31225000
12
#31230000
02
#31235000
12
#31240000
02
#31245000
12
#31250000
02
#31255000
12
#31260000
02
#31265000
12
#31270000
02
#31275000
12
#31280000
02
0&
#31285000
0J
12
#31290000
02
#31295000
1?
0L
12
#31300000
02
#31305000
0?
1#
1F
b1000000000000000000000000000000000000000000000000000000000000000000000000000000000000000000000000000000000000000 M
0K
12
#31310000
02
#31315000
12
#31320000
02
#31325000
12
#31330000
02
#31335000
12
#31340000
02
#31345000
12
#31350000
02
#31355000
12
#31360000
02
#31365000
12
#31370000
02
#31375000
12
#31380000
02
b1101111 3
00
#31385000
12
#31390000
02
#31395000
12
#31400000
02
#31405000
12
#31410000
02
#31415000
12
#31420000
02
#31425000
12
#31430000
02
#31435000
12
#31440000
02
#31445000
12
#31450000
02
#31455000
12
#31460000
02
1&
#31465000
1J
12
#31470000
02
#31475000
1@
1L
12
#31480000
02
#31485000
0@
b11110000000000000000000000000000000000000000000000000000000000000000000000000000000000000000000000000000000000 I
1K
12
#31490000
02
#31495000
12
#31500000
02
#31505000
12
#31510000
02
#31515000
12
#31520000
02
#31525000
12
#31530000
02
#31535000
12
#31540000
02
#31545000
12
#31550000
02
#31555000
12
#31560000
02
0&
#31565000
0J
12
#31570000
02
#31575000
1?
0L
12
#31580000
02
#31585000
0?
0#
0F
b0 M
0K
12
#31590000
02
#31595000
12
#31600000
02
#31605000
12
#31610000
02
#31615000
12
#31620000
02
#31625000
12
#31630000
02
#31635000
12
#31640000
02
#31645000
12
#31650000
02
#31655000
12
#31660000
02
b1110000 3
b1010010100010010001101000000000011111011001100100000000001010101000000100000000000000000000000011000101111001101 /
10
#31665000
12
#31670000
02
#31675000
12
#31680000
02
#31685000
12
#31690000
02
#31695000
12
#31700000
02
#31705000
12
#31710000
02
#31715000
12
#31720000
02
#31725000
12
#31730000
02
#31735000
12
#31740000
02
#31745000
12
#31750000
02
#31755000
12
#31760000
02
1$
#31765000
1C
12
#31770000
02
#31775000
1:
1E
12
#31780000
02
#31785000
0:
1!
b111100 "
b111100 B
1D
12
#31790000
02
#31795000
0!
11
12
#31800000
02
#31805000
12
#31810000
02
#31815000
12
#31820000
02
#31825000
12
#31830000
02
#31835000
12
#31840000
02
#31845000
12
#31850000
02
#31855000
12
#31860000
02
#31865000
12
#31870000
02
#31875000
12
#31880000
02
#31885000
12
#31890000
02
#31895000
12
#31900000
02
#31905000
12
#31910000
02
#31915000
12
#31920000
02
0$
01
b0 /
b1010010100000000000000000000000000000000000000000000000000000000000000000000000000000000000000000000000000000000 +
b10 6
b1 5
#31925000
0C
12
#31930000
02
#31935000
19
0E
12
#31940000
02
#31945000
09
1#
1F
b0 A
b0 I
b1010010100010010001101000000000011111011001100100000000001010101000000100000000000000000000000011000101111001101 M
0D
12
#31950000
02
#31955000
12
#31960000
02
#31965000
12
#31970000
02
#31975000
12
#31980000
02
#31985000
12
#31990000
02
#31995000
12
#32000000
02
#32005000
12
#32010000
02
#32015000
12
#32020000
02
#32025000
12
#32030000
02
#32035000
12
#32040000
02
#32045000
12
#32050000
02
#32055000
12
#32060000
02
#32065000
12
#32070000
02
#32075000
12
#32080000
02
1%
b0 3
#32085000
1G
12
#32090000
02
#32095000
1H
12
#32100000
02
#32105000
12
#32110000
02
#32115000
12
#32120000
02
#32125000
12
#32130000
02
#32135000
12
#32140000
02
#32145000
12
#32150000
02
#32155000
12
#32160000
02
1&
#32165000
1J
12
#32170000
02
#32175000
1@
1L
12
#32180000
02
#32185000
0@
b1 A
b1 I
1K
12
#32190000
02
#32195000
12
#32200000
02
#32205000
12
#32210000
02
#32215000
12
#32220000
02
#32225000
12
#32230000
02
#32235000
12
#32240000
02
#32245000
12
#32250000
02
#32255000
12
#32260000
02
0&
#32265000
0J
12
#32270000
02
#32275000
1?
0L
12
#32280000
02
#32285000
0?
0#
0F
b100101000100100011010000000000111110110011001000000000010101010000001000000000000000000000000110001011110011010 M
0K
12
#32290000
02
#32295000
12
#32300000
02
#32305000
12
#32310000
02
#32315000
12
#32320000
02
#32325000
12
#32330000
02
#32335000
12
#32340000
02
#32345000
12
#32350000
02
#32355000
12
#32360000
02
0%
b1 3
b1000000000000000000000000000000000000000000000000000000000000000000000000000000000000000000000000000000000000000 /
#32365000
0G
12
#32370000
02
#32375000
0H
12
#32380000
02
#32385000
12
#32390000
02
#32395000
12
#32400000
02
#32405000
12
#32410000
02
#32415000
12
#32420000
02
#32425000
12
#32430000
02
#32435000
12
#32440000
02
1&
#32445000
1J
12
#32450000
02
#32455000
1@
1L
12
#32460000
02
#32465000
0@
b10 A
b10 I
1K
12
#32470000
02
#32475000
12
#32480000
02
#32485000
12
#32490000
02
#32495000
12
#32500000
02
#32505000
12
#32510000
02
#32515000
12
#32520000
02
#32525000
12
#32530000
02
#32535000
12
#32540000
02
0&
#32545000
0J
12
#32550000
02
#32555000
1?
0L
12
#32560000
02
#32565000
0?
1#
1F
b1001010001001000110100000000001111101100110010000000000101010100000010000000000000000000000001100010111100110100 M
0K
12
#32570000
02
#32575000
12
#32580000
02
#32585000
12
#32590000
02
#32595000
12
#32600000
02
#32605000
12
#32610000
02
#32615000
12
#32620000
02
#32625000
12
#32630000
02
#32635000
12
#32640000
02
1%
b10 3
00
#32645000
1G
12
#32650000
02
#32655000
1H
12
#32660000
02
#32665000
12
#32670000
02
#32675000
12
#32680000
02
#32685000
12
#32690000
02
#32695000
12
#32700000
02
#32705000
12
#32710000
02
#32715000
12
#32720000
02
1&
#32725000
1J
12
#32730000
02
#32735000
1@
1L
12
#32740000
02
#32745000
0@
b11 A
b101 I
1K
12
#32750000
02
#32755000
12
#32760000
02
#32765000
12
#32770000
02
#32775000
12
#32780000
02
#32785000
12
#32790000
02
#32795000
12
#32800000
02
#32805000
12
#32810000
02
#32815000
12
#32820000
02
0&
#32825000
0J
12
#32830000
02
#32835000
1?
0L
12
#32840000
02
#32845000
0?
0#
0F
b10100010010001101000000000011111011001100100000000001010101000000100000000000000000000000011000101111001101000 M
0K
12
#32850000
02
#32855000
12
#32860000
02
#32865000
12
#32870000
02
#32875000
12
#32880000
02
#32885000
12
#32890000
02
#32895000
12
#32900000
02
#32905000
12
#32910000
02
#32915000
12
#32920000
02
0%
b11 3
b1010000000000000000000000000000000000000000000000000000000000000000000000000000000000000000000000000000000000000 /
10
#32925000
0G
12
#32930000
02
#32935000
0H
12
#32940000
02
#32945000
12
#32950000
02
#32955000
12
#32960000
02
#32965000
12
#32970000
02
#32975000
12
#32980000
02
#32985000
12
#32990000
02
#32995000
12
#33000000
02
1&
#33005000
1J
12
#33010000
02
#33015000
1@
1L
12
#33020000
02
#33025000
0@
b100 A
b1010 I
1K
12
#33030000
02
#33035000
12
#33040000
02
#33045000
12
#33050000
02
#33055000
12
#33060000
02
#33065000
12
#33070000
02
#33075000
12
#33080000
02
#33085000
12
#33090000
02
#33095000
12
#33100000
02
0&
#33105000
0J
12
#33110000
02
#33115000
1?
0L
12
#33120000
02
#33125000
0?
b101000100100011010000000000111110110011001000000000010101010000001000000000000000000000000110001011110011010000 M
0K
12
#33130000
02
#33135000
12
#33140000
02
#33145000
12
#33150000
02
#33155000
12
#33160000
02
#33165000
12
#33170000
02
#33175000
12
#33180000
02
#33185000
12
#33190000
02
#33195000
12
#33200000
02
b100 3
00
#33205000
12
#33210000
02
#33215000
12
#33220000
02
#33225000
12
#33230000
02
#33235000
12
#33240000
02
#33245000
12
#33250000
02
#33255000
12
#33260000
02
#33265000
12
#33270000
02
#33275000
12
#33280000
02
1&
#33285000
1J
12
#33290000
02
#33295000
1@
1L
12
#33300000
02
#33305000
0@
b101 A
b10100 I
1K
12
#33310000
02
#33315000
12
#33320000
02
#33325000
12
#33330000
02
#33335000
12
#33340000
02
#33345000
12
#33350000
02
#33355000
12
#33360000
02
#33365000
12
#33370000
02
#33375000
12
#33380000
02
0&
#33385000
0J
12
#33390000
02
#33395000
1?
0L
12
#33400000
02
#33405000
0?
1#
1F
b1010001001000110100000000001111101100110010000000000101010100000010000000000000000000000001100010111100110100000 M
0K
12
#33410000
02
#33415000
12
#33420000
02
#33425000
12
#33430000
02
#33435000
12
#33440000
02
#33445000
12
#33450000
02
#33455000
12
#33460000
02
#33465000
12
#33470000
02
#33475000
12
#33480000
02
1%
b101 3
#33485000
1G
12
#33490000
02
#33495000
1H
12
#33500000
02
#33505000
12
#33510000
02
#33515000
12
#33520000
02
#33525000
12
#33530000
02
#33535000
12
#33540000
02
#33545000
12
#33550000
02
#33555000
12
#33560000
02
1&
#33565000
1J
12
#33570000
02
#33575000
1@
1L
12
#33580000
02
#33585000
0@
b110 A
b101001 I
1K
12
#33590000
02
#33595000
12
#33600000
02
#33605000
12
#33610000
02
#33615000
12
#33620000
02
#33625000
12
#33630000
02
#33635000
12
#33640000
02
#33645000
12
#33650000
02
#33655000
12
#33660000
02
0&
#33665000
0J
12
#33670000
02
#33675000
1?
0L
12
#33680000
02
#33685000
0?
0#
0F
b100010010001101000000000011111011001100100000000001010101000000100000000000000000000000011000101111001101000000 M
0K
12
#33690000
02
#33695000
12
#33700000
02
#33705000
12
#33710000
02
#33715000
12
#33720000
02
#33725000
12
#33730000
02
#33735000
12
#33740000
02
#33745000
12
#33750000
02
#33755000
12
#33760000
02
0%
b110 3
b1010010000000000000000000000000000000000000000000000000000000000000000000000000000000000000000000000000000000000 /
10
#33765000
0G
12
#33770000
02
#33775000
0H
12
#33780000
02
#33785000
12
#33790000
02
#33795000
12
#33800000
02
#33805000
12
#33810000
02
#33815000
12
#33820000
02
#33825000
12
#33830000
02
#33835000
12
#33840000
02
1&
#33845000
1J
12
#33850000
02
#33855000
1@
1L
12
#33860000
02
#33865000
0@
b111 A
b1010010 I
1K
12
#33870000
02
#33875000
12
#33880000
02
#33885000
12
#33890000
02
#33895000
12
#33900000
02
#33905000
12
#33910000
02
#33915000
12
#33920000
02
#33925000
12
#33930000
02
#33935000
12
#33940000
02
0&
#33945000
0J
12
#33950000
02
#33955000
1?
0L
12
#33960000
02
#33965000
0?
1#
1F
b1000100100011010000000000111110110011001000000000010101010000001000000000000000000000000110001011110011010000000 M
0K
12
#33970000
02
#33975000
12
#33980000
02
#33985000
12
#33990000
02
#33995000
12
#34000000
02
#34005000
12
#34010000
02
#34015000
12
#34020000
02
#34025000
12
#34030000
02
#34035000
12
#34040000
02
1%
b111 3
00
#34045000
1G
12
#34050000
02
#34055000
1H
12
#34060000
02
#34065000
12
#34070000
02
#34075000
12
#34080000
02
#34085000
12
#34090000
02
#34095000
12
#34100000
02
#34105000
12
#34110000
02
#34115000
12
#34120000
02
1&
#34125000
1J
12
#34130000
02
#34135000
1@
1L
12
#34140000
02
#34145000
0@
b1000 A
b10100101 I
1K
12
#34150000
02
#34155000
12
#34160000
02
#34165000
12
#34170000
02
#34175000
12
#34180000
02
#34185000
12
#34190000
02
#34195000
12
#34200000
02
#34205000
12
#34210000
02
#34215000
12
#34220000
02
0&
#34225000
0J
12
#34230000
02
#34235000
1?
0L
12
#34240000
02
#34245000
0?
0#
0F
b1001000110100000000001111101100110010000000000101010100000010000000000000000000000001100010111100110100000000 M
0K
12
#34250000
02
#34255000
12
#34260000
02
#34265000
12
#34270000
02
#34275000
12
#34280000
02
#34285000
12
#34290000
02
#34295000
12
#34300000
02
#34305000
12
#34310000
02
#34315000
12
#34320000
02
0%
b1000 3
b1010010100000000000000000000000000000000000000000000000000000000000000000000000000000000000000000000000000000000 /
10
#34325000
0G
12
#34330000
02
#34335000
0H
12
#34340000
02
#34345000
12
#34350000
02
#34355000
12
#34360000
02
#34365000
12
#34370000
02
#34375000
12
#34380000
02
#34385000
12
#34390000
02
#34395000
12
#34400000
02
1&
#34405000
1J
12
#34410000
02
#34415000
1@
1L
12
#34420000
02
#34425000
0@
b1001 A
b101001010 I
1K
12
#34430000
02
#34435000
12
#34440000
02
#34445000
12
#34450000
02
#34455000
12
#34460000
02
#34465000
12
#34470000
02
#34475000
12
#34480000
02
#34485000
12
#34490000
02
#34495000
12
#34500000
02
0&
#34505000
0J
12
#34510000
02
#34515000
1?
0L
12
#34520000
02
#34525000
0?
b10010001101000000000011111011001100100000000001010101000000100000000000000000000000011000101111001101000000000 M
0K
12
#34530000
02
#34535000
12
#34540000
02
#34545000
12
#34550000
02
#34555000
12
#34560000
02
#34565000
12
#34570000
02
#34575000
12
#34580000
02
#34585000
12
#34590000
02
#34595000
12
#34600000
02
b1001 3
00
#34605000
12
#34610000
02
#34615000
12
#34620000
02
#34625000
12
#34630000
02
#34635000
12
#34640000
02
#34645000
12
#34650000
02
#34655000
12
#34660000
02
#34665000
12
#34670000
02
#34675000
12
#34680000
02
1&
#34685000
1J
12
#34690000
02
#34695000
1@
1L
12
#34700000
02
#34705000
0@
b1010 A
b1010010100 I
1K
12
#34710000
02
#34715000
12
#34720000
02
#34725000
12
#34730000
02
#34735000
12
#34740000
02
#34745000
12
#34750000
02
#34755000
12
#34760000
02
#34765000
12
#34770000
02
#34775000
12
#34780000
02
0&
#34785000
0J
12
#34790000
02
#34795000
1?
0L
12
#34800000
02
#34805000
0?
b100100011010000000000111110110011001000000000010101010000001000000000000000000000000110001011110011010000000000 M
0K
12
#34810000
02
#34815000
12
#34820000
02
#34825000
12
#34830000
02
#34835000
12
#34840000
02
#34845000
12
#34850000
02
#34855000
12
#34860000
02
#34865000
12
#34870000
02
#34875000
12
#34880000
02
b1010 3
#34885000
12
#34890000
02
#34895000
12
#34900000
02
#34905000
12
#34910000
02
#34915000
12
#34920000
02
#34925000
12
#34930000
02
#34935000
12
#34940000
02
#34945000
12
#34950000
02
#34955000
12
#34960000
02
1&
#34965000
1J
12
#34970000
02
#34975000
1@
1L
12
#34980000
02
#34985000
0@
b1011 A
b10100101000 I
1K
12
#34990000
02
#34995000
12
#35000000
02
#35005000
12
#35010000
02
#35015000
12
#35020000
02
#35025000
12
#35030000
02
#35035000
12
#35040000
02
#35045000
12
#35050000
02
#35055000
12
#35060000
02
0&
#35065000
0J
12
#35070000
02
#35075000
1?
0L
12
#35080000
02
#35085000
0?
1#
1F
b1001000110100000000001111101100110010000000000101010100000010000000000000000000000001100010111100110100000000000 M
0K
12
#35090000
02
#35095000
12
#35100000
02
#35105000
12
#35110000
02
#35115000
12
#35120000
02
#35125000
12
#35130000
02
#35135000
12
#35140000
02
#35145000
12
#35150000
02
#35155000
12
#35160000
02
b1011 3
#35165000
12
#35170000
02
#35175000
12
#35180000
02
#35185000
12
#35190000
02
#35195000
12
#35200000
02
#35205000
12
#35210000
02
#35215000
12
#35220000
02
#35225000
12
#35230000
02
#35235000
12
#35240000
02
1&
#35245000
1J
12
#35250000
02
#35255000
1@
1L
12
#35260000
02
#35265000
0@
b1100 A
b101001010000 I
1K
12
#35270000
02
#35275000
12
#35280000
02
#35285000
12
#35290000
02
#35295000
12
#35300000
02
#35305000
12
#35310000
02
#35315000
12
#35320000
02
#35325000
12
#35330000
02
#35335000
12
#35340000
02
0&
#35345000
0J
12
#35350000
02
#35355000
1?
0L
12
#35360000
02
#35365000
0?
0#
0F
b10001101000000000011111011001100100000000001010101000000100000000000000000000000011000101111001101000000000000 M
0K
12
#35370000
02
#35375000
12
#35380000
02
#35385000
12
#35390000
02
#35395000
12
#35400000
02
#35405000
12
#35410000
02
#35415000
12
#35420000
02
#35425000
12
#35430000
02
#35435000
12
#35440000
02
b1100 3
b1010010100010000000000000000000000000000000000000000000000000000000000000000000000000000000000000000000000000000 /
10
#35445000
12
#35450000
02
#35455000
12
#35460000
02
#35465000
12
#35470000
02
#35475000
12
#35480000
02
#35485000
12
#35490000
02
#35495000
12
#35500000
02
#35505000
12
#35510000
02
#35515000
12
#35520000
02
1&
#35525000
1J
12
#35530000
02
#35535000
1@
1L
12
#35540000
02
#35545000
0@
b1101 A
b1010010100000 I
1K
12
#35550000
02
#35555000
12
#35560000
02
#35565000
12
#35570000
02
#35575000
12
#35580000
02
#35585000
12
#35590000
02
#35595000
12
#35600000
02
#35605000
12
#35610000
02
#35615000
12
#35620000
02
0&
#35625000
0J
12
#35630000
02
#35635000
1?
0L
12
#35640000
02
#35645000
0?
b100011010000000000111110110011001000000000010101010000001000000000000000000000000110001011110011010000000000000 M
0K
12
#35650000
02
#35655000
12
#35660000
02
#35665000
12
#35670000
02
#35675000
12
#35680000
02
#35685000
12
#35690000
02
#35695000
12
#35700000
02
#35705000
12
#35710000
02
#35715000
12
#35720000
02
b1101 3
00
#35725000
12
#35730000
02
#35735000
12
#35740000
02
#35745000
12
#35750000
02
#35755000
12
#35760000
02
#35765000
12
#35770000
02
#35775000
12
#35780000
02
#35785000
12
#35790000
02
#35795000
12
#35800000
02
1&
#35805000
1J
12
#35810000
02
#35815000
1@
1L
12
#35820000
02
#35825000
0@
b1110 A
b10100101000000 I
1K
12
#35830000
02
#35835000
12
#35840000
02
#35845000
12
#35850000
02
#35855000
12
#35860000
02
#35865000
12
#35870000
02
#35875000
12
#35880000
02
#35885000
12
#35890000
02
#35895000
12
#35900000
02
0&
#35905000
0J
12
#35910000
02
#35915000
1?
0L
12
#35920000
02
#35925000
0?
1#
1F
b1000110100000000001111101100110010000000000101010100000010000000000000000000000001100010111100110100000000000000 M
0K
12
#35930000
02
#35935000
12
#35940000
02
#35945000
12
#35950000
02
#35955000
12
#35960000
02
#35965000
12
#35970000
02
#35975000
12
#35980000
02
#35985000
12
#35990000
02
#35995000
12
#36000000
02
b1110 3
#36005000
12
#36010000
02
#36015000
12
#36020000
02
#36025000
12
#36030000
02
#36035000
12
#36040000
02
#36045000
12
#36050000
02
#36055000
12
#36060000
02
#36065000
12
#36070000
02
#36075000
12
#36080000
02
1&
#36085000
1J
12
#36090000
02
#36095000
1@
1L
12
#36100000
02
#36105000
0@
b1111 A
b101001010000000 I
1K
12
#36110000
02
#36115000
12
#36120000
02
#36125000
12
#36130000
02
#36135000
12
#36140000
02
#36145000
12
#36150000
02
#36155000
12
#36160000
02
#36165000
12
#36170000
02
#36175000
12
#36180000
02
0&
#36185000
0J
12
#36190000
02
#36195000
1?
0L
12
#36200000
02
#36205000
0?
0#
0F
b1101000000000011111011001100100000000001010101000000100000000000000000000000011000101111001101000000000000000 M
0K
12
#36210000
02
#36215000
12
#36220000
02
#36225000
12
#36230000
02
#36235000
12
#36240000
02
#36245000
12
#36250000
02
#36255000
12
#36260000
02
#36265000
12
#36270000
02
#36275000
12
#36280000
02
b1111 3
b1010010100010010000000000000000000000000000000000000000000000000000000000000000000000000000000000000000000000000 /
10
#36285000
12
#36290000
02
#36295000
12
#36300000
02
#36305000
12
#36310000
02
#36315000
12
#36320000
02
#36325000
12
#36330000
02
#36335000
12
#36340000
02
#36345000
12
#36350000
02
#36355000
12
#36360000
02
1&
#36365000
1J
12
#36370000
02
#36375000
1@
1L
12
#36380000
02
#36385000
0@
b10000 A
b1010010100000000 I
1K
12
#36390000
02
#36395000
12
#36400000
02
#36405000
12
#36410000
02
#36415000
12
#36420000
02
#36425000
12
#36430000
02
#36435000
12
#36440000
02
#36445000
12
#36450000
02
#36455000
12
#36460000
02
0&
#36465000
0J
12
#36470000
02
#36475000
1?
0L
12
#36480000
02
#36485000
0?
b11010000000000111110110011001000000000010101010000001000000000000000000000000110001011110011010000000000000000 M
0K
12
#36490000
02
#36495000
12
#36500000
02
#36505000
12
#36510000
02
#36515000
12
#36520000
02
#36525000
12
#36530000
02
#36535000
12
#36540000
02
#36545000
12
#36550000
02
#36555000
12
#36560000
02
b10000 3
00
#36565000
12
#36570000
02
#36575000
12
#36580000
02
#36585000
12
#36590000
02
#36595000
12
#36600000
02
#36605000
12
#36610000
02
#36615000
12
#36620000
02
#36625000
12
#36630000
02
#36635000
12
#36640000
02
1&
#36645000
1J
12
#36650000
02
#36655000
1@
1L
12
#36660000
02
#36665000
0@
b10001 A
b10100101000000000 I
1K
12
#36670000
02
#36675000
12
#36680000
02
#36685000
12
#36690000
02
#36695000
12
#36700000
02
#36705000
12
#36710000
02
#36715000
12
#36720000
02
#36725000
12
#36730000
02
#36735000
12
#36740000
02
0&
#36745000
0J
12
#36750000
02
#36755000
1?
0L
12
#36760000
02
#36765000
0?
b110100000000001111101100110010000000000101010100000010000000000000000000000001100010111100110100000000000000000 M
0K
12
#36770000
02
#36775000
12
#36780000
02
#36785000
12
#36790000
02
#36795000
12
#36800000
02
#36805000
12
#36810000
02
#36815000
12
#36820000
02
#36825000
12
#36830000
02
#36835000
12
#36840000
02
b10001 3
#36845000
12
#36850000
02
#36855000
12
#36860000
02
#36865000
12
#36870000
02
#36875000
12
#36880000
02
#36885000
12
#36890000
02
#36895000
12
#36900000
02
#36905000
12
#36910000
02
#36915000
12
#36920000
02
1&
#36925000
1J
12
#36930000
02
#36935000
1@
1L
12
#36940000
02
#36945000
0@
b10010 A
b101001010000000000 I
1K
12
#36950000
02
#36955000
12
#36960000
02
#36965000
12
#36970000
02
#36975000
12
#36980000
02
#36985000
12
#36990000
02
#36995000
12
#37000000
02
#37005000
12
#37010000
02
#37015000
12
#37020000
02
0&
#37025000
0J
12
#37030000
02
#37035000
1?
0L
12
#37040000
02
#37045000
0?
1#
1F
b1101000000000011111011001100100000000001010101000000100000000000000000000000011000101111001101000000000000000000 M
0K
12
#37050000
02
#37055000
12
#37060000
02
#37065000
12
#37070000
02
#37075000
12
#37080000
02
#37085000
12
#37090000
02
#37095000
12
#37100000
02
#37105000
12
#37110000
02
#37115000
12
#37120000
02
b10010 3
#37125000
12
#37130000
02
#37135000
12
#37140000
02
#37145000
12
#37150000
02
#37155000
12
#37160000
02
#37165000
12
#37170000
02
#37175000
12
#37180000
02
#37185000
12
#37190000
02
#37195000
12
#37200000
02
1&
#37205000
1J
12
#37210000
02
#37215000
1@
1L
12
#37220000
02
#37225000
0@
b10011 A
b1010010100000000000 I
1K
12
#37230000
02
#37235000
12
#37240000
02
#37245000
12
#37250000
02
#37255000
12
#37260000
02
#37265000
12
#37270000
02
#37275000
12
#37280000
02
#37285000
12
#37290000
02
#37295000
12
#37300000
02
0&
#37305000
0J
12
#37310000
02
#37315000
1?
0L
12
#37320000
02
#37325000
0?
b1010000000000111110110011001000000000010101010000001000000000000000000000000110001011110011010000000000000000000 M
0K
12
#37330000
02
#37335000
12
#37340000
02
#37345000
12
#37350000
02
#37355000
12
#37360000
02
#37365000
12
#37370000
02
#37375000
12
#37380000
02
#37385000
12
#37390000
02
#37395000
12
#37400000
02
b10011 3
b1010010100010010001000000000000000000000000000000000000000000000000000000000000000000000000000000000000000000000 /
10
#37405000
12
#37410000
02
#37415000
12
#37420000
02
#37425000
12
#37430000
02
#37435000
12
#37440000
02
#37445000
12
#37450000
02
#37455000
12
#37460000
02
#37465000
12
#37470000
02
#37475000
12
#37480000
02
1&
#37485000
1J
12
#37490000
02
#37495000
1@
1L
12
#37500000
02
#37505000
0@
b10100 A
b10100101000000000000 I
1K
12
#37510000
02
#37515000
12
#37520000
02
#37525000
12
#37530000
02
#37535000
12
#37540000
02
#37545000
12
#37550000
02
#37555000
12
#37560000
02
#37565000
12
#37570000
02
#37575000
12
#37580000
02
0&
#37585000
0J
12
#37590000
02
#37595000
1?
0L
12
#37600000
02
#37605000
0?
0#
0F
b100000000001111101100110010000000000101010100000010000000000000000000000001100010111100110100000000000000000000 M
0K
12
#37610000
02
#37615000
12
#37620000
02
#37625000
12
#37630000
02
#37635000
12
#37640000
02
#37645000
12
#37650000
02
#37655000
12
#37660000
02
#37665000
12
#37670000
02
#37675000
12
#37680000
02
b10100 3
b1010010100010010001100000000000000000000000000000000000000000000000000000000000000000000000000000000000000000000 /
#37685000
12
#37690000
02
#37695000
12
#37700000
02
#37705000
12
#37710000
02
#37715000
12
#37720000
02
#37725000
12
#37730000
02
#37735000
12
#37740000
02
#37745000
12
#37750000
02
#37755000
12
#37760000
02
1&
#37765000
1J
12
#37770000
02
#37775000
1@
1L
12
#37780000
02
#37785000
0@
b10101 A
b101001010000000000000 I
1K
12
#37790000
02
#37795000
12
#37800000
02
#37805000
12
#37810000
02
#37815000
12
#37820000
02
#37825000
12
#37830000
02
#37835000
12
#37840000
02
#37845000
12
#37850000
02
#37855000
12
#37860000
02
0&
#37865000
0J
12
#37870000
02
#37875000
1?
0L
12
#37880000
02
#37885000
0?
1#
1F
b1000000000011111011001100100000000001010101000000100000000000000000000000011000101111001101000000000000000000000 M
0K
12
#37890000
02
#37895000
12
#37900000
02
#37905000
12
#37910000
02
#37915000
12
#37920000
02
#37925000
12
#37930000
02
#37935000
12
#37940000
02
#37945000
12
#37950000
02
#37955000
12
#37960000
02
b10101 3
00
#37965000
12
#37970000
02
#37975000
12
#37980000
02
#37985000
12
#37990000
02
#37995000
12
#38000000
02
#38005000
12
#38010000
02
#38015000
12
#38020000
02
#38025000
12
#38030000
02
#38035000
12
#38040000
02
1&
#38045000
1J
12
#38050000
02
#38055000
1@
1L
12
#38060000
02
#38065000
0@
b10110 A
b1010010100000000000000 I
1K
12
#38070000
02
#38075000
12
#38080000
02
#38085000
12
#38090000
02
#38095000
12
#38100000
02
#38105000
12
#38110000
02
#38115000
12
#38120000
02
#38125000
12
#38130000
02
#38135000
12
#38140000
02
0&
#38145000
0J
12
#38150000
02
#38155000
1?
0L
12
#38160000
02
#38165000
0?
0#
0F
b111110110011001000000000010101010000001000000000000000000000000110001011110011010000000000000000000000 M
0K
12
#38170000
02
#38175000
12
#38180000
02
#38185000
12
#38190000
02
#38195000
12
#38200000
02
#38205000
12
#38210000
02
#38215000
12
#38220000
02
#38225000
12
#38230000
02
#38235000
12
#38240000
02
b10110 3
b1010010100010010001101000000000000000000000000000000000000000000000000000000000000000000000000000000000000000000 /
10
#38245000
12
#38250000
02
#38255000
12
#38260000
02
#38265000
12
#38270000
02
#38275000
12
#38280000
02
#38285000
12
#38290000
02
#38295000
12
#38300000
02
#38305000
12
#38310000
02
#38315000
12
#38320000
02
1&
#38325000
1J
12
#38330000
02
#38335000
1@
1L
12
#38340000
02
#38345000
0@
b10111 A
b10100101000000000000000 I
1K
12
#38350000
02
#38355000
12
#38360000
02
#38365000
12
#38370000
02
#38375000
12
#38380000
02
#38385000
12
#38390000
02
#38395000
12
#38400000
02
#38405000
12
#38410000
02
#38415000
12
#38420000
02
0&
#38425000
0J
12
#38430000
02
#38435000
1?
0L
12
#38440000
02
#38445000
0?
b1111101100110010000000000101010100000010000000000000000000000001100010111100110100000000000000000000000 M
0K
12
#38450000
02
#38455000
12
#38460000
02
#38465000
12
#38470000
02
#38475000
12
#38480000
02
#38485000
12
#38490000
02
#38495000
12
#38500000
02
#38505000
12
#38510000
02
#38515000
12
#38520000
02
b10111 3
00
#38525000
12
#38530000
02
#38535000
12
#38540000
02
#38545000
12
#38550000
02
#38555000
12
#38560000
02
#38565000
12
#38570000
02
#38575000
12
#38580000
02
#38585000
12
#38590000
02
#38595000
12
#38600000
02
1&
#38605000
1J
12
#38610000
02
#38615000
1@
1L
12
#38620000
02
#38625000
0@
b11000 A
b101001010000000000000000 I
1K
12
#38630000
02
#38635000
12
#38640000
02
#38645000
12
#38650000
02
#38655000
12
#38660000
02
#38665000
12
#38670000
02
#38675000
12
#38680000
02
#38685000
12
#38690000
02
#38695000
12
#38700000
02
0&
#38705000
0J
12
#38710000
02
#38715000
1?
0L
12
#38720000
02
#38725000
0?
b11111011001100100000000001010101000000100000000000000000000000011000101111001101000000000000000000000000 M
0K
12
#38730000
02
#38735000
12
#38740000
02
#38745000
12
#38750000
02
#38755000
12
#38760000
02
#38765000
12
#38770000
02
#38775000
12
#38780000
02
#38785000
12
#38790000
02
#38795000
12
#38800000
02
b11000 3
#38805000
12
#38810000
02
#38815000
12
#38820000
02
#38825000
12
#38830000
02
#38835000
12
#38840000
02
#38845000
12
#38850000
02
#38855000
12
#38860000
02
#38865000
12
#38870000
02
#38875000
12
#38880000
02
1&
#38885000
1J
12
#38890000
02
#38895000
1@
1L
12
#38900000
02
#38905000
0@
b11001 A
b1010010100000000000000000 I
1K
12
#38910000
02
#38915000
12
#38920000
02
#38925000
12
#38930000
02
#38935000
12
#38940000
02
#38945000
12
#38950000
02
#38955000
12
#38960000
02
#38965000
12
#38970000
02
#38975000
12
#38980000
02
0&
#38985000
0J
12
#38990000
02
#38995000
1?
0L
12
#39000000
02
#39005000
0?
b111110110011001000000000010101010000001000000000000000000000000110001011110011010000000000000000000000000 M
0K
12
#39010000
02
#39015000
12
#39020000
02
#39025000
12
#39030000
02
#39035000
12
#39040000
02
#39045000
12
#39050000
02
#39055000
12
#39060000
02
#39065000
12
#39070000
02
#39075000
12
#39080000
02
b11001 3
#39085000
12
#39090000
02
#39095000
12
#39100000
02
#39105000
12
#39110000
02
#39115000
12
#39120000
02
#39125000
12
#39130000
02
#39135000
12
#39140000
02
#39145000
12
#39150000
02
#39155000
12
#39160000
02
1&
#39165000
1J
12
#39170000
02
#39175000
1@
1L
12
#39180000
02
#39185000
0@
b11010 A
b10100101000000000000000000 I
1K
12
#39190000
02
#39195000
12
#39200000
02
#39205000
12
#39210000
02
#39215000
12
#39220000
02
#39225000
12
#39230000
02
#39235000
12
#39240000
02
#39245000
12
#39250000
02
#39255000
12
#39260000
02
0&
#39265000
0J
12
#39270000
02
#39275000
1?
0L
12
#39280000
02
#39285000
0?
b1111101100110010000000000101010100000010000000000000000000000001100010111100110100000000000000000000000000 M
0K
12
#39290000
02
#39295000
12
#39300000
02
#39305000
12
#39310000
02
#39315000
12
#39320000
02
#39325000
12
#39330000
02
#39335000
12
#39340000
02
#39345000
12
#39350000
02
#39355000
12
#39360000
02
b11010 3
#39365000
12
#39370000
02
#39375000
12
#39380000
02
#39385000
12
#39390000
02
#39395000
12
#39400000
02
#39405000
12
#39410000
02
#39415000
12
#39420000
02
#39425000
12
#39430000
02
#39435000
12
#39440000
02
1&
#39445000
1J
12
#39450000
02
#39455000
1@
1L
12
#39460000
02
#39465000
0@
b11011 A
b101001010000000000000000000 I
1K
12
#39470000
02
#39475000
12
#39480000
02
#39485000
12
#39490000
02
#39495000
12
#39500000
02
#39505000
12
#39510000
02
#39515000
12
#39520000
02
#39525000
12
#39530000
02
#39535000
12
#39540000
02
0&
#39545000
0J
12
#39550000
02
#39555000
1?
0L
12
#39560000
02
#39565000
0?
b11111011001100100000000001010101000000100000000000000000000000011000101111001101000000000000000000000000000 M
0K
12
#39570000
02
#39575000
12
#39580000
02
#39585000
12
#39590000
02
#39595000
12
#39600000
02
#39605000
12
#39610000
02
#39615000
12
#39620000
02
#39625000
12
#39630000
02
#39635000
12
#39640000
02
b11011 3
#39645000
12
#39650000
02
#39655000
12
#39660000
02
#39665000
12
#39670000
02
#39675000
12
#39680000
02
#39685000
12
#39690000
02
#39695000
12
#39700000
02
#39705000
12
#39710000
02
#39715000
12
#39720000
02
1&
#39725000
1J
12
#39730000
02
#39735000
1@
1L
12
#39740000
02
#39745000
0@
b11100 A
b1010010100000000000000000000 I
1K
12
#39750000
02
#39755000
12
#39760000
02
#39765000
12
#39770000
02
#39775000
12
#39780000
02
#39785000
12
#39790000
02
#39795000
12
#39800000
02
#39805000
12
#39810000
02
#39815000
12
#39820000
02
0&
#39825000
0J
12
#39830000
02
#39835000
1?
0L
12
#39840000
02
#39845000
0?
b111110110011001000000000010101010000001000000000000000000000000110001011110011010000000000000000000000000000 M
0K
12
#39850000
02
#39855000
12
#39860000
02
#39865000
12
#39870000
02
#39875000
12
#39880000
02
#39885000
12
#39890000
02
#39895000
12
#39900000
02
#39905000
12
#39910000
02
#39915000
12
#39920000
02
b11100 3
#39925000
12
#39930000
02
#39935000
12
#39940000
02
#39945000
12
#39950000
02
#39955000
12
#39960000
02
#39965000
12
#39970000
02
#39975000
12
#39980000
02
#39985000
12
#39990000
02
#39995000
12
#40000000
02
1&
#40005000
1J
12
#40010000
02
#40015000
1@
1L
12
#40020000
02
#40025000
0@
b11101 A
b10100101000000000000000000000 I
1K
12
#40030000
02
#40035000
12
#40040000
02
#40045000
12
#40050000
02
#40055000
12
#40060000
02
#40065000
12
#40070000
02
#40075000
12
#40080000
02
#40085000
12
#40090000
02
#40095000
12
#40100000
02
0&
#40105000
0J
12
#40110000
02
#40115000
1?
0L
12
#40120000
02
#40125000
0?
b1111101100110010000000000101010100000010000000000000000000000001100010111100110100000000000000000000000000000 M
0K
12
#40130000
02
#40135000
12
#40140000
02
#40145000
12
#40150000
02
#40155000
12
#40160000
02
#40165000
12
#40170000
02
#40175000
12
#40180000
02
#40185000
12
#40190000
02
#40195000
12
#40200000
02
b11101 3
#40205000
12
#40210000
02
#40215000
12
#40220000
02
#40225000
12
#40230000
02
#40235000
12
#40240000
02
#40245000
12
#40250000
02
#40255000
12
#40260000
02
#40265000
12
#40270000
02
#40275000
12
#40280000
02
1&
#40285000
1J
12
#40290000
02
#40295000
1@
1L
12
#40300000
02
#40305000
0@
b11110 A
b101001010000000000000000000000 I
1K
12
#40310000
02
#40315000
12
#40320000
02
#40325000
12
#40330000
02
#40335000
12
#40340000
02
#40345000
12
#40350000
02
#40355000
12
#40360000
02
#40365000
12
#40370000
02
#40375000
12
#40380000
02
0&
#40385000
0J
12
#40390000
02
#40395000
1?
0L
12
#40400000
02
#40405000
0?
b11111011001100100000000001010101000000100000000000000000000000011000101111001101000000000000000000000000000000 M
0K
12
#40410000
02
#40415000
12
#40420000
02
#40425000
12
#40430000
02
#40435000
12
#40440000
02
#40445000
12
#40450000
02
#40455000
12
#40460000
02
#40465000
12
#40470000
02
#40475000
12
#40480000
02
b11110 3
#40485000
12
#40490000
02
#40495000
12
#40500000
02
#40505000
12
#40510000
02
#40515000
12
#40520000
02
#40525000
12
#40530000
02
#40535000
12
#40540000
02
#40545000
12
#40550000
02
#40555000
12
#40560000
02
1&
#40565000
1J
12
#40570000
02
#40575000
1@
1L
12
#40580000
02
#40585000
0@
b11111 A
b1010010100000000000000000000000 I
1K
12
#40590000
02
#40595000
12
#40600000
02
#40605000
12
#40610000
02
#40615000
12
#40620000
02
#40625000
12
#40630000
02
#40635000
12
#40640000
02
#40645000
12
#40650000
02
#40655000
12
#40660000
02
0&
#40665000
0J
12
#40670000
02
#40675000
1?
0L
12
#40680000
02
#40685000
0?
b111110110011001000000000010101010000001000000000000000000000000110001011110011010000000000000000000000000000000 M
0K
12
#40690000
02
#40695000
12
#40700000
02
#40705000
12
#40710000
02
#40715000
12
#40720000
02
#40725000
12
#40730000
02
#40735000
12
#40740000
02
#40745000
12
#40750000
02
#40755000
12
#40760000
02
b11111 3
#40765000
12
#40770000
02
#40775000
12
#40780000
02
#40785000
12
#40790000
02
#40795000
12
#40800000
02
#40805000
12
#40810000
02
#40815000
12
#40820000
02
#40825000
12
#40830000
02
#40835000
12
#40840000
02
1&
#40845000
1J
12
#40850000
02
#40855000
1@
1L
12
#40860000
02
#40865000
0@
b100000 A
b10100101000000000000000000000000 I
1K
12
#40870000
02
#40875000
12
#40880000
02
#40885000
12
#40890000
02
#40895000
12
#40900000
02
#40905000
12
#40910000
02
#40915000
12
#40920000
02
#40925000
12
#40930000
02
#40935000
12
#40940000
02
0&
#40945000
0J
12
#40950000
02
#40955000
1?
0L
12
#40960000
02
#40965000
0?
1#
1F
b1111101100110010000000000101010100000010000000000000000000000001100010111100110100000000000000000000000000000000 M
0K
12
#40970000
02
#40975000
12
#40980000
02
#40985000
12
#40990000
02
#40995000
12
#41000000
02
#41005000
12
#41010000
02
#41015000
12
#41020000
02
#41025000
12
#41030000
02
#41035000
12
#41040000
02
b100000 3
#41045000
12
#41050000
02
#41055000
12
#41060000
02
#41065000
12
#41070000
02
#41075000
12
#41080000
02
#41085000
12
#41090000
02
#41095000
12
#41100000
02
#41105000
12
#41110000
02
#41115000
12
#41120000
02
1&
#41125000
1J
12
#41130000
02
#41135000
1@
1L
12
#41140000
02
#41145000
0@
b100001 A
b101001010000000000000000000000000 I
1K
12
#41150000
02
#41155000
12
#41160000
02
#41165000
12
#41170000
02
#41175000
12
#41180000
02
#41185000
12
#41190000
02
#41195000
12
#41200000
02
#41205000
12
#41210000
02
#41215000
12
#41220000
02
0&
#41225000
0J
12
#41230000
02
#41235000
1?
0L
12
#41240000
02
#41245000
0?
b1111011001100100000000001010101000000100000000000000000000000011000101111001101000000000000000000000000000000000 M
0K
12
#41250000
02
#41255000
12
#41260000
02
#41265000
12
#41270000
02
#41275000
12
#41280000
02
#41285000
12
#41290000
02
#41295000
12
#41300000
02
#41305000
12
#41310000
02
#41315000
12
#41320000
02
b100001 3
b1010010100010010001101000000000010000000000000000000000000000000000000000000000000000000000000000000000000000000 /
10
#41325000
12
#41330000
02
#41335000
12
#41340000
02
#41345000
12
#41350000
02
#41355000
12
#41360000
02
#41365000
12
#41370000
02
#41375000
12
#41380000
02
#41385000
12
#41390000
02
#41395000
12
#41400000
02
1&
#41405000
1J
12
#41410000
02
#41415000
1@
1L
12
#41420000
02
#41425000
0@
b100010 A
b1010010100000000000000000000000000 I
1K
12
#41430000
02
#41435000
12
#41440000
02
#41445000
12
#41450000
02
#41455000
12
#41460000
02
#41465000
12
#41470000
02
#41475000
12
#41480000
02
#41485000
12
#41490000
02
#41495000
12
#41500000
02
0&
#41505000
0J
12
#41510000
02
#41515000
1?
0L
12
#41520000
02
#41525000
0?
b1110110011001000000000010101010000001000000000000000000000000110001011110011010000000000000000000000000000000000 M
0K
12
#41530000
02
#41535000
12
#41540000
02
#41545000
12
#41550000
02
#41555000
12
#41560000
02
#41565000
12
#41570000
02
#41575000
12
#41580000
02
#41585000
12
#41590000
02
#41595000
12
#41600000
02
b100010 3
b1010010100010010001101000000000011000000000000000000000000000000000000000000000000000000000000000000000000000000 /
#41605000
12
#41610000
02
#41615000
12
#41620000
02
#41625000
12
#41630000
02
#41635000
12
#41640000
02
#41645000
12
#41650000
02
#41655000
12
#41660000
02
#41665000
12
#41670000
02
#41675000
12
#41680000
02
1&
#41685000
1J
12
#41690000
02
#41695000
1@
1L
12
#41700000
02
#41705000
0@
b100011 A
b10100101000000000000000000000000000 I
1K
12
#41710000
02
#41715000
12
#41720000
02
#41725000
12
#41730000
02
#41735000
12
#41740000
02
#41745000
12
#41750000
02
#41755000
12
#41760000
02
#41765000
12
#41770000
02
#41775000
12
#41780000
02
0&
#41785000
0J
12
#41790000
02
#41795000
1?
0L
12
#41800000
02
#41805000
0?
b1101100110010000000000101010100000010000000000000000000000001100010111100110100000000000000000000000000000000000 M
0K
12
#41810000
02
#41815000
12
#41820000
02
#41825000
12
#41830000
02
#41835000
12
#41840000
02
#41845000
12
#41850000
02
#41855000
12
#41860000
02
#41865000
12
#41870000
02
#41875000
12
#41880000
02
b100011 3
b1010010100010010001101000000000011100000000000000000000000000000000000000000000000000000000000000000000000000000 /
#41885000
12
#41890000
02
#41895000
12
#41900000
02
#41905000
12
#41910000
02
#41915000
12
#41920000
02
#41925000
12
#41930000
02
#41935000
12
#41940000
02
#41945000
12
#41950000
02
#41955000
12
#41960000
02
1&
#41965000
1J
12
#41970000
02
#41975000
1@
1L
12
#41980000
02
#41985000
0@
b100100 A
b101001010000000000000000000000000000 I
1K
12
#41990000
02
#41995000
12
#42000000
02
#42005000
12
#42010000
02
#42015000
12
#42020000
02
#42025000
12
#42030000
02
#42035000
12
#42040000
02
#42045000
12
#42050000
02
#42055000
12
#42060000
02
0&
#42065000
0J
12
#42070000
02
#42075000
1?
0L
12
#42080000
02
#42085000
0?
b1011001100100000000001010101000000100000000000000000000000011000101111001101000000000000000000000000000000000000 M
0K
12
#42090000
02
#42095000
12
#42100000
02
#42105000
12
#42110000
02
#42115000
12
#42120000
02
#42125000
12
#42130000
02
#42135000
12
#42140000
02
#42145000
12
#42150000
02
#42155000
12
#42160000
02
b100100 3
b1010010100010010001101000000000011110000000000000000000000000000000000000000000000000000000000000000000000000000 /
#42165000
12
#42170000
02
#42175000
12
#42180000
02
#42185000
12
#42190000
02
#42195000
12
#42200000
02
#42205000
12
#42210000
02
#42215000
12
#42220000
02
#42225000
12
#42230000
02
#42235000
12
#42240000
02
1&
#42245000
1J
12
#42250000
02
#42255000
1@
1L
12
#42260000
02
#42265000
0@
b100101 A
b1010010100000000000000000000000000000 I
1K
12
#42270000
02
#42275000
12
#42280000
02
#42285000
12
#42290000
02
#42295000
12
#42300000
02
#42305000
12
#42310000
02
#42315000
12
#42320000
02
#42325000
12
#42330000
02
#42335000
12
#42340000
02
0&
#42345000
0J
12
#42350000
02
#42355000
1?
0L
12
#42360000
02
#42365000
0?
0#
0F
b110011001000000000010101010000001000000000000000000000000110001011110011010000000000000000000000000000000000000 M
0K
12
#42370000
02
#42375000
12
#42380000
02
#42385000
12
#42390000
02
#42395000
12
#42400000
02
#42405000
12
#42410000
02
#42415000
12
#42420000
02
#42425000
12
#42430000
02
#42435000
12
#42440000
02
b100101 3
b1010010100010010001101000000000011111000000000000000000000000000000000000000000000000000000000000000000000000000 /
#42445000
12
#42450000
02
#42455000
12
#42460000
02
#42465000
12
#42470000
02
#42475000
12
#42480000
02
#42485000
12
#42490000
02
#42495000
12
#42500000
02
#42505000
12
#42510000
02
#42515000
12
#42520000
02
1&
#42525000
1J
12
#42530000
02
#42535000
1@
1L
12
#42540000
02
#42545000
0@
b100110 A
b10100101000000000000000000000000000000 I
1K
12
#42550000
02
#42555000
12
#42560000
02
#42565000
12
#42570000
02
#42575000
12
#42580000
02
#42585000
12
#42590000
02
#42595000
12
#42600000
02
#42605000
12
#42610000
02
#42615000
12
#42620000
02
0&
#42625000
0J
12
#42630000
02
#42635000
1?
0L
12
#42640000
02
#42645000
0?
1#
1F
b1100110010000000000101010100000010000000000000000000000001100010111100110100000000000000000000000000000000000000 M
0K
12
#42650000
02
#42655000
12
#42660000
02
#42665000
12
#42670000
02
#42675000
12
#42680000
02
#42685000
12
#42690000
02
#42695000
12
#42700000
02
#42705000
12
#42710000
02
#42715000
12
#42720000
02
b100110 3
00
#42725000
12
#42730000
02
#42735000
12
#42740000
02
#42745000
12
#42750000
02
#42755000
12
#42760000
02
#42765000
12
#42770000
02
#42775000
12
#42780000
02
#42785000
12
#42790000
02
#42795000
12
#42800000
02
1&
#42805000
1J
12
#42810000
02
#42815000
1@
1L
12
#42820000
02
#42825000
0@
b100111 A
b101001010000000000000000000000000000000 I
1K
12
#42830000
02
#42835000
12
#42840000
02
#42845000
12
#42850000
02
#42855000
12
#42860000
02
#42865000
12
#42870000
02
#42875000
12
#42880000
02
#42885000
12
#42890000
02
#42895000
12
#42900000
02
0&
#42905000
0J
12
#42910000
02
#42915000
1?
0L
12
#42920000
02
#42925000
0?
b1001100100000000001010101000000100000000000000000000000011000101111001101000000000000000000000000000000000000000 M
0K
12
#42930000
02
#42935000
12
#42940000
02
#42945000
12
#42950000
02
#42955000
12
#42960000
02
#42965000
12
#42970000
02
#42975000
12
#42980000
02
#42985000
12
#42990000
02
#42995000
12
#43000000
02
b100111 3
b1010010100010010001101000000000011111010000000000000000000000000000000000000000000000000000000000000000000000000 /
10
#43005000
12
#43010000
02
#43015000
12
#43020000
02
#43025000
12
#43030000
02
#43035000
12
#43040000
02
#43045000
12
#43050000
02
#43055000
12
#43060000
02
#43065000
12
#43070000
02
#43075000
12
#43080000
02
1&
#43085000
1J
12
#43090000
02
#43095000
1@
1L
12
#43100000
02
#43105000
0@
b101000 A
b1010010100000000000000000000000000000000 I
1K
12
#43110000
02
#43115000
12
#43120000
02
#43125000
12
#43130000
02
#43135000
12
#43140000
02
#43145000
12
#43150000
02
#43155000
12
#43160000
02
#43165000
12
#43170000
02
#43175000
12
#43180000
02
0&
#43185000
0J
12
#43190000
02
#43195000
1?
0L
12
#43200000
02
#43205000
0?
0#
0F
b11001000000000010101010000001000000000000000000000000110001011110011010000000000000000000000000000000000000000 M
0K
12
#43210000
02
#43215000
12
#43220000
02
#43225000
12
#43230000
02
#43235000
12
#43240000
02
#43245000
12
#43250000
02
#43255000
12
#43260000
02
#43265000
12
#43270000
02
#43275000
12
#43280000
02
b101000 3
b1010010100010010001101000000000011111011000000000000000000000000000000000000000000000000000000000000000000000000 /
#43285000
12
#43290000
02
#43295000
12
#43300000
02
#43305000
12
#43310000
02
#43315000
12
#43320000
02
#43325000
12
#43330000
02
#43335000
12
#43340000
02
#43345000
12
#43350000
02
#43355000
12
#43360000
02
1&
#43365000
1J
12
#43370000
02
#43375000
1@
1L
12
#43380000
02
#43385000
0@
b101001 A
b10100101000000000000000000000000000000000 I
1K
12
#43390000
02
#43395000
12
#43400000
02
#43405000
12
#43410000
02
#43415000
12
#43420000
02
#43425000
12
#43430000
02
#43435000
12
#43440000
02
#43445000
12
#43450000
02
#43455000
12
#43460000
02
0&
#43465000
0J
12
#43470000
02
#43475000
1?
0L
12
#43480000
02
#43485000
0?
b110010000000000101010100000010000000000000000000000001100010111100110100000000000000000000000000000000000000000 M
0K
12
#43490000
02
#43495000
12
#43500000
02
#43505000
12
#43510000
02
#43515000
12
#43520000
02
#43525000
12
#43530000
02
#43535000
12
#43540000
02
#43545000
12
#43550000
02
#43555000
12
#43560000
02
b101001 3
00
#43565000
12
#43570000
02
#43575000
12
#43580000
02
#43585000
12
#43590000
02
#43595000
12
#43600000
02
#43605000
12
#43610000
02
#43615000
12
#43620000
02
#43625000
12
#43630000
02
#43635000
12
#43640000
02
1&
#43645000
1J
12
#43650000
02
#43655000
1@
1L
12
#43660000
02
#43665000
0@
b101010 A
b101001010000000000000000000000000000000000 I
1K
12
#43670000
02
#43675000
12
#43680000
02
#43685000
12
#43690000
02
#43695000
12
#43700000
02
#43705000
12
#43710000
02
#43715000
12
#43720000
02
#43725000
12
#43730000
02
#43735000
12
#43740000
02
0&
#43745000
0J
12
#43750000
02
#43755000
1?
0L
12
#43760000
02
#43765000
0?
1#
1F
b1100100000000001010101000000100000000000000000000000011000101111001101000000000000000000000000000000000000000000 M
0K
12
#43770000
02
#43775000
12
#43780000
02
#43785000
12
#43790000
02
#43795000
12
#43800000
02
#43805000
12
#43810000
02
#43815000
12
#43820000
02
#43825000
12
#43830000
02
#43835000
12
#43840000
02
b101010 3
#43845000
12
#43850000
02
#43855000
12
#43860000
02
#43865000
12
#43870000
02
#43875000
12
#43880000
02
#43885000
12
#43890000
02
#43895000
12
#43900000
02
#43905000
12
#43910000
02
#43915000
12
#43920000
02
1&
#43925000
1J
12
#43930000
02
#43935000
1@
1L
12
#43940000
02
#43945000
0@
b101011 A
b1010010100000000000000000000000000000000000 I
1K
12
#43950000
02
#43955000
12
#43960000
02
#43965000
12
#43970000
02
#43975000
12
#43980000
02
#43985000
12
#43990000
02
#43995000
12
#44000000
02
#44005000
12
#44010000
02
#44015000
12
#44020000
02
0&
#44025000
0J
12
#44030000
02
#44035000
1?
0L
12
#44040000
02
#44045000
0?
b1001000000000010101010000001000000000000000000000000110001011110011010000000000000000000000000000000000000000000 M
0K
12
#44050000
02
#44055000
12
#44060000
02
#44065000
12
#44070000
02
#44075000
12
#44080000
02
#44085000
12
#44090000
02
#44095000
12
#44100000
02
#44105000
12
#44110000
02
#44115000
12
#44120000
02
b101011 3
b1010010100010010001101000000000011111011001000000000000000000000000000000000000000000000000000000000000000000000 /
10
#44125000
12
#44130000
02
#44135000
12
#44140000
02
#44145000
12
#44150000
02
#44155000
12
#44160000
02
#44165000
12
#44170000
02
#44175000
12
#44180000
02
#44185000
12
#44190000
02
#44195000
12
#44200000
02
1&
#44205000
1J
12
#44210000
02
#44215000
1@
1L
12
#44220000
02
#44225000
0@
b101100 A
b10100101000000000000000000000000000000000000 I
1K
12
#44230000
02
#44235000
12
#44240000
02
#44245000
12
#44250000
02
#44255000
12
#44260000
02
#44265000
12
#44270000
02
#44275000
12
#44280000
02
#44285000
12
#44290000
02
#44295000
12
#44300000
02
0&
#44305000
0J
12
#44310000
02
#44315000
1?
0L
12
#44320000
02
#44325000
0?
0#
0F
b10000000000101010100000010000000000000000000000001100010111100110100000000000000000000000000000000000000000000 M
0K
12
#44330000
02
#44335000
12
#44340000
02
#44345000
12
#44350000
02
#44355000
12
#44360000
02
#44365000
12
#44370000
02
#44375000
12
#44380000
02
#44385000
12
#44390000
02
#44395000
12
#44400000
02
b101100 3
b1010010100010010001101000000000011111011001100000000000000000000000000000000000000000000000000000000000000000000 /
#44405000
12
#44410000
02
#44415000
12
#44420000
02
#44425000
12
#44430000
02
#44435000
12
#44440000
02
#44445000
12
#44450000
02
#44455000
12
#44460000
02
#44465000
12
#44470000
02
#44475000
12
#44480000
02
1&
#44485000
1J
12
#44490000
02
#44495000
1@
1L
12
#44500000
02
#44505000
0@
b101101 A
b101001010000000000000000000000000000000000000 I
1K
12
#44510000
02
#44515000
12
#44520000
02
#44525000
12
#44530000
02
#44535000
12
#44540000
02
#44545000
12
#44550000
02
#44555000
12
#44560000
02
#44565000
12
#44570000
02
#44575000
12
#44580000
02
0&
#44585000
0J
12
#44590000
02
#44595000
1?
0L
12
#44600000
02
#44605000
0?
b100000000001010101000000100000000000000000000000011000101111001101000000000000000000000000000000000000000000000 M
0K
12
#44610000
02
#44615000
12
#44620000
02
#44625000
12
#44630000
02
#44635000
12
#44640000
02
#44645000
12
#44650000
02
#44655000
12
#44660000
02
#44665000
12
#44670000
02
#44675000
12
#44680000
02
b101101 3
00
#44685000
12
#44690000
02
#44695000
12
#44700000
02
#44705000
12
#44710000
02
#44715000
12
#44720000
02
#44725000
12
#44730000
02
#44735000
12
#44740000
02
#44745000
12
#44750000
02
#44755000
12
#44760000
02
1&
#44765000
1J
12
#44770000
02
#44775000
1@
1L
12
#44780000
02
#44785000
0@
b101110 A
b1010010100000000000000000000000000000000000000 I
1K
12
#44790000
02
#44795000
12
#44800000
02
#44805000
12
#44810000
02
#44815000
12
#44820000
02
#44825000
12
#44830000
02
#44835000
12
#44840000
02
#44845000
12
#44850000
02
#44855000
12
#44860000
02
0&
#44865000
0J
12
#44870000
02
#44875000
1?
0L
12
#44880000
02
#44885000
0?
1#
1F
b1000000000010101010000001000000000000000000000000110001011110011010000000000000000000000000000000000000000000000 M
0K
12
#44890000
02
#44895000
12
#44900000
02
#44905000
12
#44910000
02
#44915000
12
#44920000
02
#44925000
12
#44930000
02
#44935000
12
#44940000
02
#44945000
12
#44950000
02
#44955000
12
#44960000
02
b101110 3
#44965000
12
#44970000
02
#44975000
12
#44980000
02
#44985000
12
#44990000
02
#44995000
12
#45000000
02
#45005000
12
#45010000
02
#45015000
12
#45020000
02
#45025000
12
#45030000
02
#45035000
12
#45040000
02
1&
#45045000
1J
12
#45050000
02
#45055000
1@
1L
12
#45060000
02
#45065000
0@
b101111 A
b10100101000000000000000000000000000000000000000 I
1K
12
#45070000
02
#45075000
12
#45080000
02
#45085000
12
#45090000
02
#45095000
12
#45100000
02
#45105000
12
#45110000
02
#45115000
12
#45120000
02
#45125000
12
#45130000
02
#45135000
12
#45140000
02
0&
#45145000
0J
12
#45150000
02
#45155000
1?
0L
12
#45160000
02
#45165000
0?
0#
0F
b101010100000010000000000000000000000001100010111100110100000000000000000000000000000000000000000000000 M
0K
12
#45170000
02
#45175000
12
#45180000
02
#45185000
12
#45190000
02
#45195000
12
#45200000
02
#45205000
12
#45210000
02
#45215000
12
#45220000
02
#45225000
12
#45230000
02
#45235000
12
#45240000
02
b101111 3
b1010010100010010001101000000000011111011001100100000000000000000000000000000000000000000000000000000000000000000 /
10
#45245000
12
#45250000
02
#45255000
12
#45260000
02
#45265000
12
#45270000
02
#45275000
12
#45280000
02
#45285000
12
#45290000
02
#45295000
12
#45300000
02
#45305000
12
#45310000
02
#45315000
12
#45320000
02
1&
#45325000
1J
12
#45330000
02
#45335000
1@
1L
12
#45340000
02
#45345000
0@
b110000 A
b101001010000000000000000000000000000000000000000 I
1K
12
#45350000
02
#45355000
12
#45360000
02
#45365000
12
#45370000
02
#45375000
12
#45380000
02
#45385000
12
#45390000
02
#45395000
12
#45400000
02
#45405000
12
#45410000
02
#45415000
12
#45420000
02
0&
#45425000
0J
12
#45430000
02
#45435000
1?
0L
12
#45440000
02
#45445000
0?
b1010101000000100000000000000000000000011000101111001101000000000000000000000000000000000000000000000000 M
0K
12
#45450000
02
#45455000
12
#45460000
02
#45465000
12
#45470000
02
#45475000
12
#45480000
02
#45485000
12
#45490000
02
#45495000
12
#45500000
02
#45505000
12
#45510000
02
#45515000
12
#45520000
02
b110000 3
00
#45525000
12
#45530000
02
#45535000
12
#45540000
02
#45545000
12
#45550000
02
#45555000
12
#45560000
02
#45565000
12
#45570000
02
#45575000
12
#45580000
02
#45585000
12
#45590000
02
#45595000
12
#45600000
02
1&
#45605000
1J
12
#45610000
02
#45615000
1@
1L
12
#45620000
02
#45625000
0@
b110001 A
b1010010100000000000000000000000000000000000000000 I
1K
12
#45630000
02
#45635000
12
#45640000
02
#45645000
12
#45650000
02
#45655000
12
#45660000
02
#45665000
12
#45670000
02
#45675000
12
#45680000
02
#45685000
12
#45690000
02
#45695000
12
#45700000
02
0&
#45705000
0J
12
#45710000
02
#45715000
1?
0L
12
#45720000
02
#45725000
0?
b10101010000001000000000000000000000000110001011110011010000000000000000000000000000000000000000000000000 M
0K
12
#45730000
02
#45735000
12
#45740000
02
#45745000
12
#45750000
02
#45755000
12
#45760000
02
#45765000
12
#45770000
02
#45775000
12
#45780000
02
#45785000
12
#45790000
02
#45795000
12
#45800000
02
b110001 3
#45805000
12
#45810000
02
#45815000
12
#45820000
02
#45825000
12
#45830000
02
#45835000
12
#45840000
02
#45845000
12
#45850000
02
#45855000
12
#45860000
02
#45865000
12
#45870000
02
#45875000
12
#45880000
02
1&
#45885000
1J
12
#45890000
02
#45895000
1@
1L
12
#45900000
02
#45905000
0@
b110010 A
b10100101000000000000000000000000000000000000000000 I
1K
12
#45910000
02
#45915000
12
#45920000
02
#45925000
12
#45930000
02
#45935000
12
#45940000
02
#45945000
12
#45950000
02
#45955000
12
#45960000
02
#45965000
12
#45970000
02
#45975000
12
#45980000
02
0&
#45985000
0J
12
#45990000
02
#45995000
1?
0L
12
#46000000
02
#46005000
0?
b101010100000010000000000000000000000001100010111100110100000000000000000000000000000000000000000000000000 M
0K
12
#46010000
02
#46015000
12
#46020000
02
#46025000
12
#46030000
02
#46035000
12
#46040000
02
#46045000
12
#46050000
02
#46055000
12
#46060000
02
#46065000
12
#46070000
02
#46075000
12
#46080000
02
b110010 3
#46085000
12
#46090000
02
#46095000
12
#46100000
02
#46105000
12
#46110000
02
#46115000
12
#46120000
02
#46125000
12
#46130000
02
#46135000
12
#46140000
02
#46145000
12
#46150000
02
#46155000
12
#46160000
02
1&
#46165000
1J
12
#46170000
02
#46175000
1@
1L
12
#46180000
02
#46185000
0@
b110011 A
b101001010000000000000000000000000000000000000000000 I
1K
12
#46190000
02
#46195000
12
#46200000
02
#46205000
12
#46210000
02
#46215000
12
#46220000
02
#46225000
12
#46230000
02
#46235000
12
#46240000
02
#46245000
12
#46250000
02
#46255000
12
#46260000
02
0&
#46265000
0J
12
#46270000
02
#46275000
1?
0L
12
#46280000
02
#46285000
0?
b1010101000000100000000000000000000000011000101111001101000000000000000000000000000000000000000000000000000 M
0K
12
#46290000
02
#46295000
12
#46300000
02
#46305000
12
#46310000
02
#46315000
12
#46320000
02
#46325000
12
#46330000
02
#46335000
12
#46340000
02
#46345000
12
#46350000
02
#46355000
12
#46360000
02
b110011 3
#46365000
12
#46370000
02
#46375000
12
#46380000
02
#46385000
12
#46390000
02
#46395000
12
#46400000
02
#46405000
12
#46410000
02
#46415000
12
#46420000
02
#46425000
12
#46430000
02
#46435000
12
#46440000
02
1&
#46445000
1J
12
#46450000
02
#46455000
1@
1L
12
#46460000
02
#46465000
0@
b110100 A
b1010010100000000000000000000000000000000000000000000 I
1K
12
#46470000
02
#46475000
12
#46480000
02
#46485000
12
#46490000
02
#46495000
12
#46500000
02
#46505000
12
#46510000
02
#46515000
12
#46520000
02
#46525000
12
#46530000
02
#46535000
12
#46540000
02
0&
#46545000
0J
12
#46550000
02
#46555000
1?
0L
12
#46560000
02
#46565000
0?
b10101010000001000000000000000000000000110001011110011010000000000000000000000000000000000000000000000000000 M
0K
12
#46570000
02
#46575000
12
#46580000
02
#46585000
12
#46590000
02
#46595000
12
#46600000
02
#46605000
12
#46610000
02
#46615000
12
#46620000
02
#46625000
12
#46630000
02
#46635000
12
#46640000
02
b110100 3
#46645000
12
#46650000
02
#46655000
12
#46660000
02
#46665000
12
#46670000
02
#46675000
12
#46680000
02
#46685000
12
#46690000
02
#46695000
12
#46700000
02
#46705000
12
#46710000
02
#46715000
12
#46720000
02
1&
#46725000
1J
12
#46730000
02
#46735000
1@
1L
12
#46740000
02
#46745000
0@
b110101 A
b10100101000000000000000000000000000000000000000000000 I
1K
12
#46750000
02
#46755000
12
#46760000
02
#46765000
12
#46770000
02
#46775000
12
#46780000
02
#46785000
12
#46790000
02
#46795000
12
#46800000
02
#46805000
12
#46810000
02
#46815000
12
#46820000
02
0&
#46825000
0J
12
#46830000
02
#46835000
1?
0L
12
#46840000
02
#46845000
0?
b101010100000010000000000000000000000001100010111100110100000000000000000000000000000000000000000000000000000 M
0K
12
#46850000
02
#46855000
12
#46860000
02
#46865000
12
#46870000
02
#46875000
12
#46880000
02
#46885000
12
#46890000
02
#46895000
12
#46900000
02
#46905000
12
#46910000
02
#46915000
12
#46920000
02
b110101 3
#46925000
12
#46930000
02
#46935000
12
#46940000
02
#46945000
12
#46950000
02
#46955000
12
#46960000
02
#46965000
12
#46970000
02
#46975000
12
#46980000
02
#46985000
12
#46990000
02
#46995000
12
#47000000
02
1&
#47005000
1J
12
#47010000
02
#47015000
1@
1L
12
#47020000
02
#47025000
0@
b110110 A
b101001010000000000000000000000000000000000000000000000 I
1K
12
#47030000
02
#47035000
12
#47040000
02
#47045000
12
#47050000
02
#47055000
12
#47060000
02
#47065000
12
#47070000
02
#47075000
12
#47080000
02
#47085000
12
#47090000
02
#47095000
12
#47100000
02
0&
#47105000
0J
12
#47110000
02
#47115000
1?
0L
12
#47120000
02
#47125000
0?
b1010101000000100000000000000000000000011000101111001101000000000000000000000000000000000000000000000000000000 M
0K
12
#47130000
02
#47135000
12
#47140000
02
#47145000
12
#47150000
02
#47155000
12
#47160000
02
#47165000
12
#47170000
02
#47175000
12
#47180000
02
#47185000
12
#47190000
02
#47195000
12
#47200000
02
b110110 3
#47205000
12
#47210000
02
#47215000
12
#47220000
02
#47225000
12
#47230000
02
#47235000
12
#47240000
02
#47245000
12
#47250000
02
#47255000
12
#47260000
02
#47265000
12
#47270000
02
#47275000
12
#47280000
02
1&
#47285000
1J
12
#47290000
02
#47295000
1@
1L
12
#47300000
02
#47305000
0@
b110111 A
b1010010100000000000000000000000000000000000000000000000 I
1K
12
#47310000
02
#47315000
12
#47320000
02
#47325000
12
#47330000
02
#47335000
12
#47340000
02
#47345000
12
#47350000
02
#47355000
12
#47360000
02
#47365000
12
#47370000
02
#47375000
12
#47380000
02
0&
#47385000
0J
12
#47390000
02
#47395000
1?
0L
12
#47400000
02
#47405000
0?
b10101010000001000000000000000000000000110001011110011010000000000000000000000000000000000000000000000000000000 M
0K
12
#47410000
02
#47415000
12
#47420000
02
#47425000
12
#47430000
02
#47435000
12
#47440000
02
#47445000
12
#47450000
02
#47455000
12
#47460000
02
#47465000
12
#47470000
02
#47475000
12
#47480000
02
b110111 3
#47485000
12
#47490000
02
#47495000
12
#47500000
02
#47505000
12
#47510000
02
#47515000
12
#47520000
02
#47525000
12
#47530000
02
#47535000
12
#47540000
02
#47545000
12
#47550000
02
#47555000
12
#47560000
02
1&
#47565000
1J
12
#47570000
02
#47575000
1@
1L
12
#47580000
02
#47585000
0@
b111000 A
b10100101000000000000000000000000000000000000000000000000 I
1K
12
#47590000
02
#47595000
12
#47600000
02
#47605000
12
#47610000
02
#47615000
12
#47620000
02
#47625000
12
#47630000
02
#47635000
12
#47640000
02
#47645000
12
#47650000
02
#47655000
12
#47660000
02
0&
#47665000
0J
12
#47670000
02
#47675000
1?
0L
12
#47680000
02
#47685000
0?
b101010100000010000000000000000000000001100010111100110100000000000000000000000000000000000000000000000000000000 M
0K
12
#47690000
02
#47695000
12
#47700000
02
#47705000
12
#47710000
02
#47715000
12
#47720000
02
#47725000
12
#47730000
02
#47735000
12
#47740000
02
#47745000
12
#47750000
02
#47755000
12
#47760000
02
b111000 3
#47765000
12
#47770000
02
#47775000
12
#47780000
02
#47785000
12
#47790000
02
#47795000
12
#47800000
02
#47805000
12
#47810000
02
#47815000
12
#47820000
02
#47825000
12
#47830000
02
#47835000
12
#47840000
02
1&
#47845000
1J
12
#47850000
02
#47855000
1@
1L
12
#47860000
02
#47865000
0@
b111001 A
b101001010000000000000000000000000000000000000000000000000 I
1K
12
#47870000
02
#47875000
12
#47880000
02
#47885000
12
#47890000
02
#47895000
12
#47900000
02
#47905000
12
#47910000
02
#47915000
12
#47920000
02
#47925000
12
#47930000
02
#47935000
12
#47940000
02
0&
#47945000
0J
12
#47950000
02
#47955000
1?
0L
12
#47960000
02
#47965000
0?
1#
1F
b1010101000000100000000000000000000000011000101111001101000000000000000000000000000000000000000000000000000000000 M
0K
12
#47970000
02
#47975000
12
#47980000
02
#47985000
12
#47990000
02
#47995000
12
#48000000
02
#48005000
12
#48010000
02
#48015000
12
#48020000
02
#48025000
12
#48030000
02
#48035000
12
#48040000
02
b111001 3
#48045000
12
#48050000
02
#48055000
12
#48060000
02
#48065000
12
#48070000
02
#48075000
12
#48080000
02
#48085000
12
#48090000
02
#48095000
12
#48100000
02
#48105000
12
#48110000
02
#48115000
12
#48120000
02
1&
#48125000
1J
12
#48130000
02
#48135000
1@
1L
12
#48140000
02
#48145000
0@
b111010 A
b1010010100000000000000000000000000000000000000000000000000 I
1K
12
#48150000
02
#48155000
12
#48160000
02
#48165000
12
#48170000
02
#48175000
12
#48180000
02
#48185000
12
#48190000
02
#48195000
12
#48200000
02
#48205000
12
#48210000
02
#48215000
12
#48220000
02
0&
#48225000
0J
12
#48230000
02
#48235000
1?
0L
12
#48240000
02
#48245000
0?
0#
0F
b101010000001000000000000000000000000110001011110011010000000000000000000000000000000000000000000000000000000000 M
0K
12
#48250000
02
#48255000
12
#48260000
02
#48265000
12
#48270000
02
#48275000
12
#48280000
02
#48285000
12
#48290000
02
#48295000
12
#48300000
02
#48305000
12
#48310000
02
#48315000
12
#48320000
02
b111010 3
b1010010100010010001101000000000011111011001100100000000001000000000000000000000000000000000000000000000000000000 /
10
#48325000
12
#48330000
02
#48335000
12
#48340000
02
#48345000
12
#48350000
02
#48355000
12
#48360000
02
#48365000
12
#48370000
02
#48375000
12
#48380000
02
#48385000
12
#48390000
02
#48395000
12
#48400000
02
1&
#48405000
1J
12
#48410000
02
#48415000
1@
1L
12
#48420000
02
#48425000
0@
b111011 A
b10100101000000000000000000000000000000000000000000000000000 I
1K
12
#48430000
02
#48435000
12
#48440000
02
#48445000
12
#48450000
02
#48455000
12
#48460000
02
#48465000
12
#48470000
02
#48475000
12
#48480000
02
#48485000
12
#48490000
02
#48495000
12
#48500000
02
0&
#48505000
0J
12
#48510000
02
#48515000
1?
0L
12
#48520000
02
#48525000
0?
1#
1F
b1010100000010000000000000000000000001100010111100110100000000000000000000000000000000000000000000000000000000000 M
0K
12
#48530000
02
#48535000
12
#48540000
02
#48545000
12
#48550000
02
#48555000
12
#48560000
02
#48565000
12
#48570000
02
#48575000
12
#48580000
02
#48585000
12
#48590000
02
#48595000
12
#48600000
02
b111011 3
00
#48605000
12
#48610000
02
#48615000
12
#48620000
02
#48625000
12
#48630000
02
#48635000
12
#48640000
02
#48645000
12
#48650000
02
#48655000
12
#48660000
02
#48665000
12
#48670000
02
#48675000
12
#48680000
02
1&
#48685000
1J
12
#48690000
02
#48695000
1@
1L
12
#48700000
02
#48705000
0@
b111100 A
b101001010000000000000000000000000000000000000000000000000000 I
1K
12
#48710000
02
#48715000
12
#48720000
02
#48725000
12
#48730000
02
#48735000
12
#48740000
02
#48745000
12
#48750000
02
#48755000
12
#48760000
02
#48765000
12
#48770000
02
#48775000
12
#48780000
02
0&
#48785000
0J
12
#48790000
02
#48795000
1?
0L
12
#48800000
02
#48805000
0?
0#
0F
b101000000100000000000000000000000011000101111001101000000000000000000000000000000000000000000000000000000000000 M
0K
12
#48810000
02
#48815000
12
#48820000
02
#48825000
12
#48830000
02
#48835000
12
#48840000
02
#48845000
12
#48850000
02
#48855000
12
#48860000
02
#48865000
12
#48870000
02
#48875000
12
#48880000
02
b111100 3
b1010010100010010001101000000000011111011001100100000000001010000000000000000000000000000000000000000000000000000 /
10
#48885000
12
#48890000
02
#48895000
12
#48900000
02
#48905000
12
#48910000
02
#48915000
12
#48920000
02
#48925000
12
#48930000
02
#48935000
12
#48940000
02
#48945000
12
#48950000
02
#48955000
12
#48960000
02
1&
#48965000
1J
12
#48970000
02
#48975000
1@
1L
12
#48980000
02
#48985000
0@
b111101 A
b1010010100000000000000000000000000000000000000000000000000000 I
1K
12
#48990000
02
#48995000
12
#49000000
02
#49005000
12
#49010000
02
#49015000
12
#49020000
02
#49025000
12
#49030000
02
#49035000
12
#49040000
02
#49045000
12
#49050000
02
#49055000
12
#49060000
02
0&
#49065000
0J
12
#49070000
02
#49075000
1?
0L
12
#49080000
02
#49085000
0?
1#
1F
b1010000001000000000000000000000000110001011110011010000000000000000000000000000000000000000000000000000000000000 M
0K
12
#49090000
02
#49095000
12
#49100000
02
#49105000
12
#49110000
02
#49115000
12
#49120000
02
#49125000
12
#49130000
02
#49135000
12
#49140000
02
#49145000
12
#49150000
02
#49155000
12
#49160000
02
b111101 3
00
#49165000
12
#49170000
02
#49175000
12
#49180000
02
#49185000
12
#49190000
02
#49195000
12
#49200000
02
#49205000
12
#49210000
02
#49215000
12
#49220000
02
#49225000
12
#49230000
02
#49235000
12
#49240000
02
1&
#49245000
1J
12
#49250000
02
#49255000
1@
1L
12
#49260000
02
#49265000
0@
b111110 A
b10100101000000000000000000000000000000000000000000000000000000 I
1K
12
#49270000
02
#49275000
12
#49280000
02
#49285000
12
#49290000
02
#49295000
12
#49300000
02
#49305000
12
#49310000
02
#49315000
12
#49320000
02
#49325000
12
#49330000
02
#49335000
12
#49340000
02
0&
#49345000
0J
12
#49350000
02
#49355000
1?
0L
12
#49360000
02
#49365000
0?
0#
0F
b100000010000000000000000000000001100010111100110100000000000000000000000000000000000000000000000000000000000000 M
0K
12
#49370000
02
#49375000
12
#49380000
02
#49385000
12
#49390000
02
#49395000
12
#49400000
02
#49405000
12
#49410000
02
#49415000
12
#49420000
02
#49425000
12
#49430000
02
#49435000
12
#49440000
02
b111110 3
b1010010100010010001101000000000011111011001100100000000001010100000000000000000000000000000000000000000000000000 /
10
#49445000
12
#49450000
02
#49455000
12
#49460000
02
#49465000
12
#49470000
02
#49475000
12
#49480000
02
#49485000
12
#49490000
02
#49495000
12
#49500000
02
#49505000
12
#49510000
02
#49515000
12
#49520000
02
1&
#49525000
1J
12
#49530000
02
#49535000
1@
1L
12
#49540000
02
#49545000
0@
b111111 A
b101001010000000000000000000000000000000000000000000000000000000 I
1K
12
#49550000
02
#49555000
12
#49560000
02
#49565000
12
#49570000
02
#49575000
12
#49580000
02
#49585000
12
#49590000
02
#49595000
12
#49600000
02
#49605000
12
#49610000
02
#49615000
12
#49620000
02
0&
#49625000
0J
12
#49630000
02
#49635000
1?
0L
12
#49640000
02
#49645000
0?
1#
1F
b1000000100000000000000000000000011000101111001101000000000000000000000000000000000000000000000000000000000000000 M
0K
12
#49650000
02
#49655000
12
#49660000
02
#49665000
12
#49670000
02
#49675000
12
#49680000
02
#49685000
12
#49690000
02
#49695000
12
#49700000
02
#49705000
12
#49710000
02
#49715000
12
#49720000
02
b111111 3
00
#49725000
12
#49730000
02
#49735000
12
#49740000
02
#49745000
12
#49750000
02
#49755000
12
#49760000
02
#49765000
12
#49770000
02
#49775000
12
#49780000
02
#49785000
12
#49790000
02
#49795000
12
#49800000
02
1&
#49805000
1J
12
#49810000
02
#49815000
1@
1L
12
#49820000
02
#49825000
0@
b1000000 A
b1010010100000000000000000000000000000000000000000000000000000000 I
1K
12
#49830000
02
#49835000
12
#49840000
02
#49845000
12
#49850000
02
#49855000
12
#49860000
02
#49865000
12
#49870000
02
#49875000
12
#49880000
02
#49885000
12
#49890000
02
#49895000
12
#49900000
02
0&
#49905000
0J
12
#49910000
02
#49915000
1?
0L
12
#49920000
02
#49925000
0?
0#
0F
b1000000000000000000000000110001011110011010000000000000000000000000000000000000000000000000000000000000000 M
0K
12
#49930000
02
#49935000
12
#49940000
02
#49945000
12
#49950000
02
#49955000
12
#49960000
02
#49965000
12
#49970000
02
#49975000
12
#49980000
02
#49985000
12
#49990000
02
#49995000
12
#50000000
02
b1000000 3
b1010010100010010001101000000000011111011001100100000000001010101000000000000000000000000000000000000000000000000 /
10
